mount_type,fixture_configuration,pole_height_ft,wind_speed_mph,Alaskan Yellow Cedar Poles,Southern Yellow Pine Poles,ero_vista_pole_size
BASE,Single Side Mount Fixture,8,Less Than or Equal to 115 MPH,6.93,7.83,"5"" x 5-1/2"""
BASE,Single Side Mount Fixture,8,115 - 120 MPH,6.36,7.2,"5"" x 5-1/2"""
BASE,Single Side Mount Fixture,8,120 - 130 MPH,5.42,6.13,"5"" x 5-1/2"""
BASE,Single Side Mount Fixture,8,130 - 140 MPH,4.68,5.29,"5"" x 5-1/2"""
BASE,Single Side Mount Fixture,8,140 - 150 MPH,4.07,4.61,"5"" x 5-1/2"""
BASE,Single Side Mount Fixture,8,150 - 160 MPH,3.58,4.05,"5"" x 5-1/2"""
BASE,Single Side Mount Fixture,10,Less Than or Equal to 115 MPH,6.93,7.83,"5"" x 5-1/2"""
BASE,Single Side Mount Fixture,10,115 - 120 MPH,6.36,7.2,"5"" x 5-1/2"""
BASE,Single Side Mount Fixture,10,120 - 130 MPH,5.42,6.13,"5"" x 5-1/2"""
BASE,Single Side Mount Fixture,10,130 - 140 MPH,4.68,5.29,"5"" x 5-1/2"""
BASE,Single Side Mount Fixture,10,140 - 150 MPH,4.07,4.61,"5"" x 5-1/2"""
BASE,Single Side Mount Fixture,10,150 - 160 MPH,3.58,4.05,"5"" x 5-1/2"""
BASE,Single Side Mount Fixture,12,Less Than or Equal to 115 MPH,6.93,7.83,"5"" x 5-1/2"""
BASE,Single Side Mount Fixture,12,115 - 120 MPH,6.36,7.2,"5"" x 5-1/2"""
BASE,Single Side Mount Fixture,12,120 - 130 MPH,5.42,6.13,"5"" x 5-1/2"""
BASE,Single Side Mount Fixture,12,130 - 140 MPH,4.68,5.29,"5"" x 5-1/2"""
BASE,Single Side Mount Fixture,12,140 - 150 MPH,3.9,4.61,"5"" x 5-1/2"""
BASE,Single Side Mount Fixture,12,150 - 160 MPH,2.81,4.05,"5"" x 5-1/2"""
BASE,Single Side Mount Fixture,14,Less Than or Equal to 115 MPH,6.85,7.74,"5"" x 5-1/2"""
BASE,Single Side Mount Fixture,14,115 - 120 MPH,5.84,7.11,"5"" x 5-1/2"""
BASE,Single Side Mount Fixture,14,120 - 130 MPH,4.1,6.06,"5"" x 5-1/2"""
BASE,Single Side Mount Fixture,14,130 - 140 MPH,2.71,5.23,"5"" x 5-1/2"""
BASE,Single Side Mount Fixture,14,140 - 150 MPH,1.59,4.55,"5"" x 5-1/2"""
BASE,Single Side Mount Fixture,14,150 - 160 MPH,0.68,3.95,"5"" x 5-1/2"""
BASE,Single Side Mount Fixture,16,Less Than or Equal to 115 MPH,4.04,7.57,"5"" x 5-1/2"""
BASE,Single Side Mount Fixture,16,115 - 120 MPH,3.15,6.95,"5"" x 5-1/2"""
BASE,Single Side Mount Fixture,16,120 - 130 MPH,1.68,5.81,"5"" x 5-1/2"""
BASE,Single Side Mount Fixture,16,130 - 140 MPH,0.51,4.14,"5"" x 5-1/2"""
BASE,Single Side Mount Fixture,16,140 - 150 MPH,0,2.8,"5"" x 5-1/2"""
BASE,Single Side Mount Fixture,16,150 - 160 MPH,0,1.7,"5"" x 5-1/2"""
BASE,Single Side Mount Fixture,18,Less Than or Equal to 115 MPH,1.61,6.15,"5"" x 5-1/2"""
BASE,Single Side Mount Fixture,18,115 - 120 MPH,0.85,5.08,"5"" x 5-1/2"""
BASE,Single Side Mount Fixture,18,120 - 130 MPH,0,3.27,"5"" x 5-1/2"""
BASE,Single Side Mount Fixture,18,130 - 140 MPH,0,1.84,"5"" x 5-1/2"""
BASE,Single Side Mount Fixture,18,140 - 150 MPH,0,0.69,"5"" x 5-1/2"""
BASE,Single Side Mount Fixture,18,150 - 160 MPH,0,0,"5"" x 5-1/2"""
BASE,Single Side Mount Fixture,20,Less Than or Equal to 115 MPH,0,1.27,"5"" x 5-1/2"""
BASE,Single Side Mount Fixture,20,115 - 120 MPH,0,0,"5"" x 5-1/2"""
BASE,Single Side Mount Fixture,20,120 - 130 MPH,0,0,"5"" x 5-1/2"""
BASE,Single Side Mount Fixture,20,130 - 140 MPH,0,0,"5"" x 5-1/2"""
BASE,Single Side Mount Fixture,20,140 - 150 MPH,0,0,"5"" x 5-1/2"""
BASE,Single Side Mount Fixture,20,150 - 160 MPH,0,0,"5"" x 5-1/2"""
BASE,Single Side Mount Fixture,8,Less Than or Equal to 115 MPH,14.97,16.92,"6-3/4"" x 6-3/4"""
BASE,Single Side Mount Fixture,8,115 - 120 MPH,13.75,15.54,"6-3/4"" x 6-3/4"""
BASE,Single Side Mount Fixture,8,120 - 130 MPH,11.72,13.25,"6-3/4"" x 6-3/4"""
BASE,Single Side Mount Fixture,8,130 - 140 MPH,10.1,11.42,"6-3/4"" x 6-3/4"""
BASE,Single Side Mount Fixture,8,140 - 150 MPH,8.8,9.95,"6-3/4"" x 6-3/4"""
BASE,Single Side Mount Fixture,8,150 - 160 MPH,7.74,8.74,"6-3/4"" x 6-3/4"""
BASE,Single Side Mount Fixture,10,Less Than or Equal to 115 MPH,14.97,16.92,"6-3/4"" x 6-3/4"""
BASE,Single Side Mount Fixture,10,115 - 120 MPH,13.75,15.54,"6-3/4"" x 6-3/4"""
BASE,Single Side Mount Fixture,10,120 - 130 MPH,11.72,13.25,"6-3/4"" x 6-3/4"""
BASE,Single Side Mount Fixture,10,130 - 140 MPH,10.1,11.42,"6-3/4"" x 6-3/4"""
BASE,Single Side Mount Fixture,10,140 - 150 MPH,8.8,9.95,"6-3/4"" x 6-3/4"""
BASE,Single Side Mount Fixture,10,150 - 160 MPH,7.74,8.74,"6-3/4"" x 6-3/4"""
BASE,Single Side Mount Fixture,12,Less Than or Equal to 115 MPH,14.97,16.92,"6-3/4"" x 6-3/4"""
BASE,Single Side Mount Fixture,12,115 - 120 MPH,13.75,15.54,"6-3/4"" x 6-3/4"""
BASE,Single Side Mount Fixture,12,120 - 130 MPH,11.72,13.25,"6-3/4"" x 6-3/4"""
BASE,Single Side Mount Fixture,12,130 - 140 MPH,10.1,11.42,"6-3/4"" x 6-3/4"""
BASE,Single Side Mount Fixture,12,140 - 150 MPH,8.8,9.95,"6-3/4"" x 6-3/4"""
BASE,Single Side Mount Fixture,12,150 - 160 MPH,7.74,8.74,"6-3/4"" x 6-3/4"""
BASE,Single Side Mount Fixture,14,Less Than or Equal to 115 MPH,14.8,16.73,"6-3/4"" x 6-3/4"""
BASE,Single Side Mount Fixture,14,115 - 120 MPH,13.59,15.36,"6-3/4"" x 6-3/4"""
BASE,Single Side Mount Fixture,14,120 - 130 MPH,11.58,13.09,"6-3/4"" x 6-3/4"""
BASE,Single Side Mount Fixture,14,130 - 140 MPH,9.99,11.29,"6-3/4"" x 6-3/4"""
BASE,Single Side Mount Fixture,14,140 - 150 MPH,8.7,9.83,"6-3/4"" x 6-3/4"""
BASE,Single Side Mount Fixture,14,150 - 160 MPH,7.36,8.64,"6-3/4"" x 6-3/4"""
BASE,Single Side Mount Fixture,16,Less Than or Equal to 115 MPH,14.46,16.35,"6-3/4"" x 6-3/4"""
BASE,Single Side Mount Fixture,16,115 - 120 MPH,13.28,15.02,"6-3/4"" x 6-3/4"""
BASE,Single Side Mount Fixture,16,120 - 130 MPH,10.52,12.79,"6-3/4"" x 6-3/4"""
BASE,Single Side Mount Fixture,16,130 - 140 MPH,7.9,11.03,"6-3/4"" x 6-3/4"""
BASE,Single Side Mount Fixture,16,140 - 150 MPH,5.78,9.61,"6-3/4"" x 6-3/4"""
BASE,Single Side Mount Fixture,16,150 - 160 MPH,4.05,8.43,"6-3/4"" x 6-3/4"""
BASE,Single Side Mount Fixture,18,Less Than or Equal to 115 MPH,11.37,15.99,"6-3/4"" x 6-3/4"""
BASE,Single Side Mount Fixture,18,115 - 120 MPH,9.66,14.68,"6-3/4"" x 6-3/4"""
BASE,Single Side Mount Fixture,18,120 - 130 MPH,6.81,12.51,"6-3/4"" x 6-3/4"""
BASE,Single Side Mount Fixture,18,130 - 140 MPH,4.56,9.5,"6-3/4"" x 6-3/4"""
BASE,Single Side Mount Fixture,18,140 - 150 MPH,2.73,7.04,"6-3/4"" x 6-3/4"""
BASE,Single Side Mount Fixture,18,150 - 160 MPH,1.24,5.03,"6-3/4"" x 6-3/4"""
BASE,Single Side Mount Fixture,20,Less Than or Equal to 115 MPH,7.58,14.01,"6-3/4"" x 6-3/4"""
BASE,Single Side Mount Fixture,20,115 - 120 MPH,6.1,12,"6-3/4"" x 6-3/4"""
BASE,Single Side Mount Fixture,20,120 - 130 MPH,3.62,8.65,"6-3/4"" x 6-3/4"""
BASE,Single Side Mount Fixture,20,130 - 140 MPH,1.66,6,"6-3/4"" x 6-3/4"""
BASE,Single Side Mount Fixture,20,140 - 150 MPH,0,3.86,"6-3/4"" x 6-3/4"""
BASE,Single Side Mount Fixture,20,150 - 160 MPH,0,2.1,"6-3/4"" x 6-3/4"""
BASE,Single Side Mount Fixture,22,Less Than or Equal to 115 MPH,4.28,10,"6-3/4"" x 6-3/4"""
BASE,Single Side Mount Fixture,22,115 - 120 MPH,2.98,8.22,"6-3/4"" x 6-3/4"""
BASE,Single Side Mount Fixture,22,120 - 130 MPH,0.81,5.27,"6-3/4"" x 6-3/4"""
BASE,Single Side Mount Fixture,22,130 - 140 MPH,0,2.93,"6-3/4"" x 6-3/4"""
BASE,Single Side Mount Fixture,22,140 - 150 MPH,0,1.06,"6-3/4"" x 6-3/4"""
BASE,Single Side Mount Fixture,22,150 - 160 MPH,0,0,"6-3/4"" x 6-3/4"""
BASE,Single Side Mount Fixture,24,Less Than or Equal to 115 MPH,1.48,6.64,"6-3/4"" x 6-3/4"""
BASE,Single Side Mount Fixture,24,115 - 120 MPH,0,5.06,"6-3/4"" x 6-3/4"""
BASE,Single Side Mount Fixture,24,120 - 130 MPH,0,2.42,"6-3/4"" x 6-3/4"""
BASE,Single Side Mount Fixture,24,130 - 140 MPH,0,0,"6-3/4"" x 6-3/4"""
BASE,Single Side Mount Fixture,24,140 - 150 MPH,0,0,"6-3/4"" x 6-3/4"""
BASE,Single Side Mount Fixture,24,150 - 160 MPH,0,0,"6-3/4"" x 6-3/4"""
BASE,Single Side Mount Fixture,26,Less Than or Equal to 115 MPH,0,3.44,"6-3/4"" x 6-3/4"""
BASE,Single Side Mount Fixture,26,115 - 120 MPH,0,2.03,"6-3/4"" x 6-3/4"""
BASE,Single Side Mount Fixture,26,120 - 130 MPH,0,0,"6-3/4"" x 6-3/4"""
BASE,Single Side Mount Fixture,26,130 - 140 MPH,0,0,"6-3/4"" x 6-3/4"""
BASE,Single Side Mount Fixture,26,140 - 150 MPH,0,0,"6-3/4"" x 6-3/4"""
BASE,Single Side Mount Fixture,26,150 - 160 MPH,0,0,"6-3/4"" x 6-3/4"""
BASE,Single Side Mount Fixture,28,Less Than or Equal to 115 MPH,0,0.69,"6-3/4"" x 6-3/4"""
BASE,Single Side Mount Fixture,28,115 - 120 MPH,0,0,"6-3/4"" x 6-3/4"""
BASE,Single Side Mount Fixture,28,120 - 130 MPH,0,0,"6-3/4"" x 6-3/4"""
BASE,Single Side Mount Fixture,28,130 - 140 MPH,0,0,"6-3/4"" x 6-3/4"""
BASE,Single Side Mount Fixture,28,140 - 150 MPH,0,0,"6-3/4"" x 6-3/4"""
BASE,Single Side Mount Fixture,28,150 - 160 MPH,0,0,"6-3/4"" x 6-3/4"""
BASE,Single Side Mount Fixture,8,Less Than or Equal to 115 MPH,28.48,32.19,"8-1/2"" x 8-1/4"""
BASE,Single Side Mount Fixture,8,115 - 120 MPH,26.16,29.57,"8-1/2"" x 8-1/4"""
BASE,Single Side Mount Fixture,8,120 - 130 MPH,22.29,25.19,"8-1/2"" x 8-1/4"""
BASE,Single Side Mount Fixture,8,130 - 140 MPH,19.22,21.72,"8-1/2"" x 8-1/4"""
BASE,Single Side Mount Fixture,8,140 - 150 MPH,16.74,18.92,"8-1/2"" x 8-1/4"""
BASE,Single Side Mount Fixture,8,150 - 160 MPH,14.71,16.63,"8-1/2"" x 8-1/4"""
BASE,Single Side Mount Fixture,10,Less Than or Equal to 115 MPH,28.48,32.19,"8-1/2"" x 8-1/4"""
BASE,Single Side Mount Fixture,10,115 - 120 MPH,26.16,29.57,"8-1/2"" x 8-1/4"""
BASE,Single Side Mount Fixture,10,120 - 130 MPH,22.29,25.19,"8-1/2"" x 8-1/4"""
BASE,Single Side Mount Fixture,10,130 - 140 MPH,19.22,21.72,"8-1/2"" x 8-1/4"""
BASE,Single Side Mount Fixture,10,140 - 150 MPH,16.74,18.92,"8-1/2"" x 8-1/4"""
BASE,Single Side Mount Fixture,10,150 - 160 MPH,14.71,16.63,"8-1/2"" x 8-1/4"""
BASE,Single Side Mount Fixture,12,Less Than or Equal to 115 MPH,28.48,32.19,"8-1/2"" x 8-1/4"""
BASE,Single Side Mount Fixture,12,115 - 120 MPH,26.16,29.57,"8-1/2"" x 8-1/4"""
BASE,Single Side Mount Fixture,12,120 - 130 MPH,22.29,25.19,"8-1/2"" x 8-1/4"""
BASE,Single Side Mount Fixture,12,130 - 140 MPH,19.22,21.72,"8-1/2"" x 8-1/4"""
BASE,Single Side Mount Fixture,12,140 - 150 MPH,16.74,18.92,"8-1/2"" x 8-1/4"""
BASE,Single Side Mount Fixture,12,150 - 160 MPH,14.71,16.63,"8-1/2"" x 8-1/4"""
BASE,Single Side Mount Fixture,14,Less Than or Equal to 115 MPH,28.15,31.82,"8-1/2"" x 8-1/4"""
BASE,Single Side Mount Fixture,14,115 - 120 MPH,25.85,29.22,"8-1/2"" x 8-1/4"""
BASE,Single Side Mount Fixture,14,120 - 130 MPH,22.03,24.9,"8-1/2"" x 8-1/4"""
BASE,Single Side Mount Fixture,14,130 - 140 MPH,19,21.47,"8-1/2"" x 8-1/4"""
BASE,Single Side Mount Fixture,14,140 - 150 MPH,16.55,18.71,"8-1/2"" x 8-1/4"""
BASE,Single Side Mount Fixture,14,150 - 160 MPH,14.54,16.44,"8-1/2"" x 8-1/4"""
BASE,Single Side Mount Fixture,16,Less Than or Equal to 115 MPH,27.51,31.1,"8-1/2"" x 8-1/4"""
BASE,Single Side Mount Fixture,16,115 - 120 MPH,25.27,28.56,"8-1/2"" x 8-1/4"""
BASE,Single Side Mount Fixture,16,120 - 130 MPH,21.53,24.34,"8-1/2"" x 8-1/4"""
BASE,Single Side Mount Fixture,16,130 - 140 MPH,18.56,20.98,"8-1/2"" x 8-1/4"""
BASE,Single Side Mount Fixture,16,140 - 150 MPH,16.17,18.28,"8-1/2"" x 8-1/4"""
BASE,Single Side Mount Fixture,16,150 - 160 MPH,13.49,16.07,"8-1/2"" x 8-1/4"""
BASE,Single Side Mount Fixture,18,Less Than or Equal to 115 MPH,26.9,30.41,"8-1/2"" x 8-1/4"""
BASE,Single Side Mount Fixture,18,115 - 120 MPH,24.7,27.93,"8-1/2"" x 8-1/4"""
BASE,Single Side Mount Fixture,18,120 - 130 MPH,19.58,23.79,"8-1/2"" x 8-1/4"""
BASE,Single Side Mount Fixture,18,130 - 140 MPH,15.26,20.52,"8-1/2"" x 8-1/4"""
BASE,Single Side Mount Fixture,18,140 - 150 MPH,11.76,17.87,"8-1/2"" x 8-1/4"""
BASE,Single Side Mount Fixture,18,150 - 160 MPH,8.91,15.69,"8-1/2"" x 8-1/4"""
BASE,Single Side Mount Fixture,20,Less Than or Equal to 115 MPH,21.87,29.74,"8-1/2"" x 8-1/4"""
BASE,Single Side Mount Fixture,20,115 - 120 MPH,19.02,27.32,"8-1/2"" x 8-1/4"""
BASE,Single Side Mount Fixture,20,120 - 130 MPH,14.26,23.28,"8-1/2"" x 8-1/4"""
BASE,Single Side Mount Fixture,20,130 - 140 MPH,10.49,18.42,"8-1/2"" x 8-1/4"""
BASE,Single Side Mount Fixture,20,140 - 150 MPH,7.45,14.31,"8-1/2"" x 8-1/4"""
BASE,Single Side Mount Fixture,20,150 - 160 MPH,4.95,10.94,"8-1/2"" x 8-1/4"""
BASE,Single Side Mount Fixture,22,Less Than or Equal to 115 MPH,16.16,26.92,"8-1/2"" x 8-1/4"""
BASE,Single Side Mount Fixture,22,115 - 120 MPH,13.66,23.52,"8-1/2"" x 8-1/4"""
BASE,Single Side Mount Fixture,22,120 - 130 MPH,9.5,17.84,"8-1/2"" x 8-1/4"""
BASE,Single Side Mount Fixture,22,130 - 140 MPH,6.2,13.34,"8-1/2"" x 8-1/4"""
BASE,Single Side Mount Fixture,22,140 - 150 MPH,3.54,9.71,"8-1/2"" x 8-1/4"""
BASE,Single Side Mount Fixture,22,150 - 160 MPH,1.36,6.74,"8-1/2"" x 8-1/4"""
BASE,Single Side Mount Fixture,24,Less Than or Equal to 115 MPH,11.48,21.27,"8-1/2"" x 8-1/4"""
BASE,Single Side Mount Fixture,24,115 - 120 MPH,9.26,18.21,"8-1/2"" x 8-1/4"""
BASE,Single Side Mount Fixture,24,120 - 130 MPH,5.56,13.1,"8-1/2"" x 8-1/4"""
BASE,Single Side Mount Fixture,24,130 - 140 MPH,2.62,9.09,"8-1/2"" x 8-1/4"""
BASE,Single Side Mount Fixture,24,140 - 150 MPH,0,5.84,"8-1/2"" x 8-1/4"""
BASE,Single Side Mount Fixture,24,150 - 160 MPH,0,3.18,"8-1/2"" x 8-1/4"""
BASE,Single Side Mount Fixture,26,Less Than or Equal to 115 MPH,7.08,15.91,"8-1/2"" x 8-1/4"""
BASE,Single Side Mount Fixture,26,115 - 120 MPH,5.1,13.18,"8-1/2"" x 8-1/4"""
BASE,Single Side Mount Fixture,26,120 - 130 MPH,1.82,8.64,"8-1/2"" x 8-1/4"""
BASE,Single Side Mount Fixture,26,130 - 140 MPH,0,5.04,"8-1/2"" x 8-1/4"""
BASE,Single Side Mount Fixture,26,140 - 150 MPH,0,2.13,"8-1/2"" x 8-1/4"""
BASE,Single Side Mount Fixture,26,150 - 160 MPH,0,0,"8-1/2"" x 8-1/4"""
BASE,Single Side Mount Fixture,28,Less Than or Equal to 115 MPH,3.33,11.44,"8-1/2"" x 8-1/4"""
BASE,Single Side Mount Fixture,28,115 - 120 MPH,1.56,8.96,"8-1/2"" x 8-1/4"""
BASE,Single Side Mount Fixture,28,120 - 130 MPH,0,4.85,"8-1/2"" x 8-1/4"""
BASE,Single Side Mount Fixture,28,130 - 140 MPH,0,1.59,"8-1/2"" x 8-1/4"""
BASE,Single Side Mount Fixture,28,140 - 150 MPH,0,0,"8-1/2"" x 8-1/4"""
BASE,Single Side Mount Fixture,28,150 - 160 MPH,0,0,"8-1/2"" x 8-1/4"""
BASE,Single Side Mount Fixture,30,Less Than or Equal to 115 MPH,0,7.08,"8-1/2"" x 8-1/4"""
BASE,Single Side Mount Fixture,30,115 - 120 MPH,0,4.86,"8-1/2"" x 8-1/4"""
BASE,Single Side Mount Fixture,30,120 - 130 MPH,0,1.16,"8-1/2"" x 8-1/4"""
BASE,Single Side Mount Fixture,30,130 - 140 MPH,0,0,"8-1/2"" x 8-1/4"""
BASE,Single Side Mount Fixture,30,140 - 150 MPH,0,0,"8-1/2"" x 8-1/4"""
BASE,Single Side Mount Fixture,30,150 - 160 MPH,0,0,"8-1/2"" x 8-1/4"""
BASE,Top Mount Fixture,8,Less Than or Equal to 115 MPH,19.3,28.46,"5"" x 5-1/2"""
BASE,Top Mount Fixture,8,115 - 120 MPH,17.54,25.97,"5"" x 5-1/2"""
BASE,Top Mount Fixture,8,120 - 130 MPH,14.61,21.82,"5"" x 5-1/2"""
BASE,Top Mount Fixture,8,130 - 140 MPH,12.28,18.52,"5"" x 5-1/2"""
BASE,Top Mount Fixture,8,140 - 150 MPH,10.4,15.86,"5"" x 5-1/2"""
BASE,Top Mount Fixture,8,150 - 160 MPH,8.87,13.68,"5"" x 5-1/2"""
BASE,Top Mount Fixture,10,Less Than or Equal to 115 MPH,14.31,21.67,"5"" x 5-1/2"""
BASE,Top Mount Fixture,10,115 - 120 MPH,12.91,19.69,"5"" x 5-1/2"""
BASE,Top Mount Fixture,10,120 - 130 MPH,10.54,16.38,"5"" x 5-1/2"""
BASE,Top Mount Fixture,10,130 - 140 MPH,8.5,13.76,"5"" x 5-1/2"""
BASE,Top Mount Fixture,10,140 - 150 MPH,6.86,11.65,"5"" x 5-1/2"""
BASE,Top Mount Fixture,10,150 - 160 MPH,5.51,9.9,"5"" x 5-1/2"""
BASE,Top Mount Fixture,12,Less Than or Equal to 115 MPH,10.53,16.93,"5"" x 5-1/2"""
BASE,Top Mount Fixture,12,115 - 120 MPH,9.25,15.29,"5"" x 5-1/2"""
BASE,Top Mount Fixture,12,120 - 130 MPH,7.13,12.56,"5"" x 5-1/2"""
BASE,Top Mount Fixture,12,130 - 140 MPH,5.44,10.23,"5"" x 5-1/2"""
BASE,Top Mount Fixture,12,140 - 150 MPH,4.08,8.3,"5"" x 5-1/2"""
BASE,Top Mount Fixture,12,150 - 160 MPH,2.97,6.73,"5"" x 5-1/2"""
BASE,Top Mount Fixture,14,Less Than or Equal to 115 MPH,7.16,13.08,"5"" x 5-1/2"""
BASE,Top Mount Fixture,14,115 - 120 MPH,6.08,11.56,"5"" x 5-1/2"""
BASE,Top Mount Fixture,14,120 - 130 MPH,4.3,9.04,"5"" x 5-1/2"""
BASE,Top Mount Fixture,14,130 - 140 MPH,2.89,7.04,"5"" x 5-1/2"""
BASE,Top Mount Fixture,14,140 - 150 MPH,1.75,5.42,"5"" x 5-1/2"""
BASE,Top Mount Fixture,14,150 - 160 MPH,0.81,4.09,"5"" x 5-1/2"""
BASE,Top Mount Fixture,16,Less Than or Equal to 115 MPH,4.26,9.4,"5"" x 5-1/2"""
BASE,Top Mount Fixture,16,115 - 120 MPH,3.36,8.12,"5"" x 5-1/2"""
BASE,Top Mount Fixture,16,120 - 130 MPH,1.85,5.99,"5"" x 5-1/2"""
BASE,Top Mount Fixture,16,130 - 140 MPH,0.66,4.29,"5"" x 5-1/2"""
BASE,Top Mount Fixture,16,140 - 150 MPH,0,2.93,"5"" x 5-1/2"""
BASE,Top Mount Fixture,16,150 - 160 MPH,0,1.81,"5"" x 5-1/2"""
BASE,Top Mount Fixture,18,Less Than or Equal to 115 MPH,1.8,6.35,"5"" x 5-1/2"""
BASE,Top Mount Fixture,18,115 - 120 MPH,1.03,5.26,"5"" x 5-1/2"""
BASE,Top Mount Fixture,18,120 - 130 MPH,0,3.42,"5"" x 5-1/2"""
BASE,Top Mount Fixture,18,130 - 140 MPH,0,1.98,"5"" x 5-1/2"""
BASE,Top Mount Fixture,18,140 - 150 MPH,0,0.81,"5"" x 5-1/2"""
BASE,Top Mount Fixture,18,150 - 160 MPH,0,0,"5"" x 5-1/2"""
BASE,Top Mount Fixture,20,Less Than or Equal to 115 MPH,0,1.43,"5"" x 5-1/2"""
BASE,Top Mount Fixture,20,115 - 120 MPH,0,0.6,"5"" x 5-1/2"""
BASE,Top Mount Fixture,20,120 - 130 MPH,0,0,"5"" x 5-1/2"""
BASE,Top Mount Fixture,20,130 - 140 MPH,0,0,"5"" x 5-1/2"""
BASE,Top Mount Fixture,20,140 - 150 MPH,0,0,"5"" x 5-1/2"""
BASE,Top Mount Fixture,20,150 - 160 MPH,0,0,"5"" x 5-1/2"""
BASE,Top Mount Fixture,8,Less Than or Equal to 115 MPH,45.91,62.59,"6-3/4"" x 6-3/4"""
BASE,Top Mount Fixture,8,115 - 120 MPH,41.92,57.24,"6-3/4"" x 6-3/4"""
BASE,Top Mount Fixture,8,120 - 130 MPH,35.28,48.33,"6-3/4"" x 6-3/4"""
BASE,Top Mount Fixture,8,130 - 140 MPH,30.01,41.25,"6-3/4"" x 6-3/4"""
BASE,Top Mount Fixture,8,140 - 150 MPH,25.76,35.56,"6-3/4"" x 6-3/4"""
BASE,Top Mount Fixture,8,150 - 160 MPH,22.27,30.89,"6-3/4"" x 6-3/4"""
BASE,Top Mount Fixture,10,Less Than or Equal to 115 MPH,35.25,48.55,"6-3/4"" x 6-3/4"""
BASE,Top Mount Fixture,10,115 - 120 MPH,32.07,44.29,"6-3/4"" x 6-3/4"""
BASE,Top Mount Fixture,10,120 - 130 MPH,26.77,37.19,"6-3/4"" x 6-3/4"""
BASE,Top Mount Fixture,10,130 - 140 MPH,22.57,31.55,"6-3/4"" x 6-3/4"""
BASE,Top Mount Fixture,10,140 - 150 MPH,19.01,27,"6-3/4"" x 6-3/4"""
BASE,Top Mount Fixture,10,150 - 160 MPH,16.06,23.28,"6-3/4"" x 6-3/4"""
BASE,Top Mount Fixture,12,Less Than or Equal to 115 MPH,27.85,38.93,"6-3/4"" x 6-3/4"""
BASE,Top Mount Fixture,12,115 - 120 MPH,25.15,35.38,"6-3/4"" x 6-3/4"""
BASE,Top Mount Fixture,12,120 - 130 MPH,20.48,29.48,"6-3/4"" x 6-3/4"""
BASE,Top Mount Fixture,12,130 - 140 MPH,16.78,24.71,"6-3/4"" x 6-3/4"""
BASE,Top Mount Fixture,12,140 - 150 MPH,13.8,20.7,"6-3/4"" x 6-3/4"""
BASE,Top Mount Fixture,12,150 - 160 MPH,11.36,17.42,"6-3/4"" x 6-3/4"""
BASE,Top Mount Fixture,14,Less Than or Equal to 115 MPH,21.47,31.36,"6-3/4"" x 6-3/4"""
BASE,Top Mount Fixture,14,115 - 120 MPH,19.11,28.22,"6-3/4"" x 6-3/4"""
BASE,Top Mount Fixture,14,120 - 130 MPH,15.19,22.95,"6-3/4"" x 6-3/4"""
BASE,Top Mount Fixture,14,130 - 140 MPH,12.07,18.76,"6-3/4"" x 6-3/4"""
BASE,Top Mount Fixture,14,140 - 150 MPH,9.55,15.38,"6-3/4"" x 6-3/4"""
BASE,Top Mount Fixture,14,150 - 160 MPH,7.49,12.61,"6-3/4"" x 6-3/4"""
BASE,Top Mount Fixture,16,Less Than or Equal to 115 MPH,16.03,24.49,"6-3/4"" x 6-3/4"""
BASE,Top Mount Fixture,16,115 - 120 MPH,14.03,21.8,"6-3/4"" x 6-3/4"""
BASE,Top Mount Fixture,16,120 - 130 MPH,10.7,17.31,"6-3/4"" x 6-3/4"""
BASE,Top Mount Fixture,16,130 - 140 MPH,8.05,13.76,"6-3/4"" x 6-3/4"""
BASE,Top Mount Fixture,16,140 - 150 MPH,5.92,10.88,"6-3/4"" x 6-3/4"""
BASE,Top Mount Fixture,16,150 - 160 MPH,4.17,8.54,"6-3/4"" x 6-3/4"""
BASE,Top Mount Fixture,18,Less Than or Equal to 115 MPH,11.56,18.89,"6-3/4"" x 6-3/4"""
BASE,Top Mount Fixture,18,115 - 120 MPH,9.84,16.57,"6-3/4"" x 6-3/4"""
BASE,Top Mount Fixture,18,120 - 130 MPH,6.96,12.7,"6-3/4"" x 6-3/4"""
BASE,Top Mount Fixture,18,130 - 140 MPH,4.69,9.63,"6-3/4"" x 6-3/4"""
BASE,Top Mount Fixture,18,140 - 150 MPH,2.85,7.16,"6-3/4"" x 6-3/4"""
BASE,Top Mount Fixture,18,150 - 160 MPH,1.35,5.13,"6-3/4"" x 6-3/4"""
BASE,Top Mount Fixture,20,Less Than or Equal to 115 MPH,7.75,14.18,"6-3/4"" x 6-3/4"""
BASE,Top Mount Fixture,20,115 - 120 MPH,6.25,12.16,"6-3/4"" x 6-3/4"""
BASE,Top Mount Fixture,20,120 - 130 MPH,3.76,8.79,"6-3/4"" x 6-3/4"""
BASE,Top Mount Fixture,20,130 - 140 MPH,1.78,6.11,"6-3/4"" x 6-3/4"""
BASE,Top Mount Fixture,20,140 - 150 MPH,0,3.96,"6-3/4"" x 6-3/4"""
BASE,Top Mount Fixture,20,150 - 160 MPH,0,2.19,"6-3/4"" x 6-3/4"""
BASE,Top Mount Fixture,22,Less Than or Equal to 115 MPH,4.44,10.14,"6-3/4"" x 6-3/4"""
BASE,Top Mount Fixture,22,115 - 120 MPH,3.12,8.36,"6-3/4"" x 6-3/4"""
BASE,Top Mount Fixture,22,120 - 130 MPH,0.93,5.39,"6-3/4"" x 6-3/4"""
BASE,Top Mount Fixture,22,130 - 140 MPH,0,3.04,"6-3/4"" x 6-3/4"""
BASE,Top Mount Fixture,22,140 - 150 MPH,0,1.15,"6-3/4"" x 6-3/4"""
BASE,Top Mount Fixture,22,150 - 160 MPH,0,0,"6-3/4"" x 6-3/4"""
BASE,Top Mount Fixture,24,Less Than or Equal to 115 MPH,1.62,6.78,"6-3/4"" x 6-3/4"""
BASE,Top Mount Fixture,24,115 - 120 MPH,0,5.19,"6-3/4"" x 6-3/4"""
BASE,Top Mount Fixture,24,120 - 130 MPH,0,2.53,"6-3/4"" x 6-3/4"""
BASE,Top Mount Fixture,24,130 - 140 MPH,0,0,"6-3/4"" x 6-3/4"""
BASE,Top Mount Fixture,24,140 - 150 MPH,0,0,"6-3/4"" x 6-3/4"""
BASE,Top Mount Fixture,24,150 - 160 MPH,0,0,"6-3/4"" x 6-3/4"""
BASE,Top Mount Fixture,26,Less Than or Equal to 115 MPH,0,3.57,"6-3/4"" x 6-3/4"""
BASE,Top Mount Fixture,26,115 - 120 MPH,0,2.15,"6-3/4"" x 6-3/4"""
BASE,Top Mount Fixture,26,120 - 130 MPH,0,0,"6-3/4"" x 6-3/4"""
BASE,Top Mount Fixture,26,130 - 140 MPH,0,0,"6-3/4"" x 6-3/4"""
BASE,Top Mount Fixture,26,140 - 150 MPH,0,0,"6-3/4"" x 6-3/4"""
BASE,Top Mount Fixture,26,150 - 160 MPH,0,0,"6-3/4"" x 6-3/4"""
BASE,Top Mount Fixture,28,Less Than or Equal to 115 MPH,0,0.8,"6-3/4"" x 6-3/4"""
BASE,Top Mount Fixture,28,115 - 120 MPH,0,0,"6-3/4"" x 6-3/4"""
BASE,Top Mount Fixture,28,120 - 130 MPH,0,0,"6-3/4"" x 6-3/4"""
BASE,Top Mount Fixture,28,130 - 140 MPH,0,0,"6-3/4"" x 6-3/4"""
BASE,Top Mount Fixture,28,140 - 150 MPH,0,0,"6-3/4"" x 6-3/4"""
BASE,Top Mount Fixture,28,150 - 160 MPH,0,0,"6-3/4"" x 6-3/4"""
BASE,Top Mount Fixture,8,Less Than or Equal to 115 MPH,90.12,122.02,"8-1/2"" x 8-1/4"""
BASE,Top Mount Fixture,8,115 - 120 MPH,82.45,111.73,"8-1/2"" x 8-1/4"""
BASE,Top Mount Fixture,8,120 - 130 MPH,69.66,94.59,"8-1/2"" x 8-1/4"""
BASE,Top Mount Fixture,8,130 - 140 MPH,59.5,80.98,"8-1/2"" x 8-1/4"""
BASE,Top Mount Fixture,8,140 - 150 MPH,51.32,70.02,"8-1/2"" x 8-1/4"""
BASE,Top Mount Fixture,8,150 - 160 MPH,44.61,61.04,"8-1/2"" x 8-1/4"""
BASE,Top Mount Fixture,10,Less Than or Equal to 115 MPH,70.12,95.55,"8-1/2"" x 8-1/4"""
BASE,Top Mount Fixture,10,115 - 120 MPH,63.99,87.34,"8-1/2"" x 8-1/4"""
BASE,Top Mount Fixture,10,120 - 130 MPH,53.78,73.65,"8-1/2"" x 8-1/4"""
BASE,Top Mount Fixture,10,130 - 140 MPH,45.67,62.8,"8-1/2"" x 8-1/4"""
BASE,Top Mount Fixture,10,140 - 150 MPH,39.14,54.04,"8-1/2"" x 8-1/4"""
BASE,Top Mount Fixture,10,150 - 160 MPH,33.79,46.86,"8-1/2"" x 8-1/4"""
BASE,Top Mount Fixture,12,Less Than or Equal to 115 MPH,56.4,77.51,"8-1/2"" x 8-1/4"""
BASE,Top Mount Fixture,12,115 - 120 MPH,51.31,70.7,"8-1/2"" x 8-1/4"""
BASE,Top Mount Fixture,12,120 - 130 MPH,42.82,59.32,"8-1/2"" x 8-1/4"""
BASE,Top Mount Fixture,12,130 - 140 MPH,35.96,50.28,"8-1/2"" x 8-1/4"""
BASE,Top Mount Fixture,12,140 - 150 MPH,30.31,43,"8-1/2"" x 8-1/4"""
BASE,Top Mount Fixture,12,150 - 160 MPH,25.69,36.91,"8-1/2"" x 8-1/4"""
BASE,Top Mount Fixture,14,Less Than or Equal to 115 MPH,45.65,63.49,"8-1/2"" x 8-1/4"""
BASE,Top Mount Fixture,14,115 - 120 MPH,41.16,57.7,"8-1/2"" x 8-1/4"""
BASE,Top Mount Fixture,14,120 - 130 MPH,33.72,48.09,"8-1/2"" x 8-1/4"""
BASE,Top Mount Fixture,14,130 - 140 MPH,27.81,40.21,"8-1/2"" x 8-1/4"""
BASE,Top Mount Fixture,14,140 - 150 MPH,23.04,33.8,"8-1/2"" x 8-1/4"""
BASE,Top Mount Fixture,14,150 - 160 MPH,19.13,28.56,"8-1/2"" x 8-1/4"""
BASE,Top Mount Fixture,16,Less Than or Equal to 115 MPH,36.16,51.87,"8-1/2"" x 8-1/4"""
BASE,Top Mount Fixture,16,115 - 120 MPH,32.36,46.76,"8-1/2"" x 8-1/4"""
BASE,Top Mount Fixture,16,120 - 130 MPH,26.01,38.26,"8-1/2"" x 8-1/4"""
BASE,Top Mount Fixture,16,130 - 140 MPH,20.98,31.5,"8-1/2"" x 8-1/4"""
BASE,Top Mount Fixture,16,140 - 150 MPH,16.92,26.04,"8-1/2"" x 8-1/4"""
BASE,Top Mount Fixture,16,150 - 160 MPH,13.6,21.59,"8-1/2"" x 8-1/4"""
BASE,Top Mount Fixture,18,Less Than or Equal to 115 MPH,28.5,42.06,"8-1/2"" x 8-1/4"""
BASE,Top Mount Fixture,18,115 - 120 MPH,25.21,37.65,"8-1/2"" x 8-1/4"""
BASE,Top Mount Fixture,18,120 - 130 MPH,19.73,30.28,"8-1/2"" x 8-1/4"""
BASE,Top Mount Fixture,18,130 - 140 MPH,15.39,24.45,"8-1/2"" x 8-1/4"""
BASE,Top Mount Fixture,18,140 - 150 MPH,11.88,19.72,"8-1/2"" x 8-1/4"""
BASE,Top Mount Fixture,18,150 - 160 MPH,9.01,15.87,"8-1/2"" x 8-1/4"""
BASE,Top Mount Fixture,20,Less Than or Equal to 115 MPH,22.05,33.97,"8-1/2"" x 8-1/4"""
BASE,Top Mount Fixture,20,115 - 120 MPH,19.17,30.09,"8-1/2"" x 8-1/4"""
BASE,Top Mount Fixture,20,120 - 130 MPH,14.4,23.65,"8-1/2"" x 8-1/4"""
BASE,Top Mount Fixture,20,130 - 140 MPH,10.61,18.54,"8-1/2"" x 8-1/4"""
BASE,Top Mount Fixture,20,140 - 150 MPH,7.55,14.41,"8-1/2"" x 8-1/4"""
BASE,Top Mount Fixture,20,150 - 160 MPH,5.04,11.03,"8-1/2"" x 8-1/4"""
BASE,Top Mount Fixture,22,Less Than or Equal to 115 MPH,16.31,27.07,"8-1/2"" x 8-1/4"""
BASE,Top Mount Fixture,22,115 - 120 MPH,13.8,23.66,"8-1/2"" x 8-1/4"""
BASE,Top Mount Fixture,22,120 - 130 MPH,9.62,17.96,"8-1/2"" x 8-1/4"""
BASE,Top Mount Fixture,22,130 - 140 MPH,6.31,13.45,"8-1/2"" x 8-1/4"""
BASE,Top Mount Fixture,22,140 - 150 MPH,3.63,9.8,"8-1/2"" x 8-1/4"""
BASE,Top Mount Fixture,22,150 - 160 MPH,1.44,6.82,"8-1/2"" x 8-1/4"""
BASE,Top Mount Fixture,24,Less Than or Equal to 115 MPH,11.62,21.41,"8-1/2"" x 8-1/4"""
BASE,Top Mount Fixture,24,115 - 120 MPH,9.39,18.34,"8-1/2"" x 8-1/4"""
BASE,Top Mount Fixture,24,120 - 130 MPH,5.67,13.23,"8-1/2"" x 8-1/4"""
BASE,Top Mount Fixture,24,130 - 140 MPH,2.72,9.18,"8-1/2"" x 8-1/4"""
BASE,Top Mount Fixture,24,140 - 150 MPH,0,5.92,"8-1/2"" x 8-1/4"""
BASE,Top Mount Fixture,24,150 - 160 MPH,0,3.25,"8-1/2"" x 8-1/4"""
BASE,Top Mount Fixture,26,Less Than or Equal to 115 MPH,7.2,16.04,"8-1/2"" x 8-1/4"""
BASE,Top Mount Fixture,26,115 - 120 MPH,5.22,13.29,"8-1/2"" x 8-1/4"""
BASE,Top Mount Fixture,26,120 - 130 MPH,1.92,8.74,"8-1/2"" x 8-1/4"""
BASE,Top Mount Fixture,26,130 - 140 MPH,0,5.12,"8-1/2"" x 8-1/4"""
BASE,Top Mount Fixture,26,140 - 150 MPH,0,2.21,"8-1/2"" x 8-1/4"""
BASE,Top Mount Fixture,26,150 - 160 MPH,0,0,"8-1/2"" x 8-1/4"""
BASE,Top Mount Fixture,28,Less Than or Equal to 115 MPH,3.45,11.55,"8-1/2"" x 8-1/4"""
BASE,Top Mount Fixture,28,115 - 120 MPH,1.66,9.07,"8-1/2"" x 8-1/4"""
BASE,Top Mount Fixture,28,120 - 130 MPH,0,4.94,"8-1/2"" x 8-1/4"""
BASE,Top Mount Fixture,28,130 - 140 MPH,0,1.66,"8-1/2"" x 8-1/4"""
BASE,Top Mount Fixture,28,140 - 150 MPH,0,0,"8-1/2"" x 8-1/4"""
BASE,Top Mount Fixture,28,150 - 160 MPH,0,0,"8-1/2"" x 8-1/4"""
BASE,Top Mount Fixture,30,Less Than or Equal to 115 MPH,0,7.19,"8-1/2"" x 8-1/4"""
BASE,Top Mount Fixture,30,115 - 120 MPH,0,4.96,"8-1/2"" x 8-1/4"""
BASE,Top Mount Fixture,30,120 - 130 MPH,0,1.24,"8-1/2"" x 8-1/4"""
BASE,Top Mount Fixture,30,130 - 140 MPH,0,0,"8-1/2"" x 8-1/4"""
BASE,Top Mount Fixture,30,140 - 150 MPH,0,0,"8-1/2"" x 8-1/4"""
BASE,Top Mount Fixture,30,150 - 160 MPH,0,0,"8-1/2"" x 8-1/4"""
BASE,Two or More Side Mount Fixtures,8,Less Than or Equal to 115 MPH,13.86,15.67,"5"" x 5-1/2"""
BASE,Two or More Side Mount Fixtures,8,115 - 120 MPH,12.73,14.39,"5"" x 5-1/2"""
BASE,Two or More Side Mount Fixtures,8,120 - 130 MPH,10.85,12.26,"5"" x 5-1/2"""
BASE,Two or More Side Mount Fixtures,8,130 - 140 MPH,9.35,10.57,"5"" x 5-1/2"""
BASE,Two or More Side Mount Fixtures,8,140 - 150 MPH,8.15,9.21,"5"" x 5-1/2"""
BASE,Two or More Side Mount Fixtures,8,150 - 160 MPH,7.16,8.1,"5"" x 5-1/2"""
BASE,Two or More Side Mount Fixtures,10,Less Than or Equal to 115 MPH,13.85,15.67,"5"" x 5-1/2"""
BASE,Two or More Side Mount Fixtures,10,115 - 120 MPH,12.57,14.39,"5"" x 5-1/2"""
BASE,Two or More Side Mount Fixtures,10,120 - 130 MPH,10.25,12.26,"5"" x 5-1/2"""
BASE,Two or More Side Mount Fixtures,10,130 - 140 MPH,8.25,10.57,"5"" x 5-1/2"""
BASE,Two or More Side Mount Fixtures,10,140 - 150 MPH,6.64,9.21,"5"" x 5-1/2"""
BASE,Two or More Side Mount Fixtures,10,150 - 160 MPH,5.32,8.1,"5"" x 5-1/2"""
BASE,Two or More Side Mount Fixtures,12,Less Than or Equal to 115 MPH,10.22,15.67,"5"" x 5-1/2"""
BASE,Two or More Side Mount Fixtures,12,115 - 120 MPH,8.97,14.39,"5"" x 5-1/2"""
BASE,Two or More Side Mount Fixtures,12,120 - 130 MPH,6.88,12.25,"5"" x 5-1/2"""
BASE,Two or More Side Mount Fixtures,12,130 - 140 MPH,5.23,10.02,"5"" x 5-1/2"""
BASE,Two or More Side Mount Fixtures,12,140 - 150 MPH,3.9,8.12,"5"" x 5-1/2"""
BASE,Two or More Side Mount Fixtures,12,150 - 160 MPH,2.81,6.57,"5"" x 5-1/2"""
BASE,Two or More Side Mount Fixtures,14,Less Than or Equal to 115 MPH,6.9,12.82,"5"" x 5-1/2"""
BASE,Two or More Side Mount Fixtures,14,115 - 120 MPH,5.84,11.32,"5"" x 5-1/2"""
BASE,Two or More Side Mount Fixtures,14,120 - 130 MPH,4.1,8.83,"5"" x 5-1/2"""
BASE,Two or More Side Mount Fixtures,14,130 - 140 MPH,2.71,6.85,"5"" x 5-1/2"""
BASE,Two or More Side Mount Fixtures,14,140 - 150 MPH,1.59,5.27,"5"" x 5-1/2"""
BASE,Two or More Side Mount Fixtures,14,150 - 160 MPH,0.68,3.95,"5"" x 5-1/2"""
BASE,Two or More Side Mount Fixtures,16,Less Than or Equal to 115 MPH,4.04,9.17,"5"" x 5-1/2"""
BASE,Two or More Side Mount Fixtures,16,115 - 120 MPH,3.15,7.91,"5"" x 5-1/2"""
BASE,Two or More Side Mount Fixtures,16,120 - 130 MPH,1.68,5.81,"5"" x 5-1/2"""
BASE,Two or More Side Mount Fixtures,16,130 - 140 MPH,0.51,4.14,"5"" x 5-1/2"""
BASE,Two or More Side Mount Fixtures,16,140 - 150 MPH,0,2.8,"5"" x 5-1/2"""
BASE,Two or More Side Mount Fixtures,16,150 - 160 MPH,0,1.69,"5"" x 5-1/2"""
BASE,Two or More Side Mount Fixtures,18,Less Than or Equal to 115 MPH,1.61,6.15,"5"" x 5-1/2"""
BASE,Two or More Side Mount Fixtures,18,115 - 120 MPH,0.85,5.08,"5"" x 5-1/2"""
BASE,Two or More Side Mount Fixtures,18,120 - 130 MPH,0,3.27,"5"" x 5-1/2"""
BASE,Two or More Side Mount Fixtures,18,130 - 140 MPH,0,1.84,"5"" x 5-1/2"""
BASE,Two or More Side Mount Fixtures,18,140 - 150 MPH,0,0.69,"5"" x 5-1/2"""
BASE,Two or More Side Mount Fixtures,18,150 - 160 MPH,0,0,"5"" x 5-1/2"""
BASE,Two or More Side Mount Fixtures,20,Less Than or Equal to 115 MPH,0,1.27,"5"" x 5-1/2"""
BASE,Two or More Side Mount Fixtures,20,115 - 120 MPH,0,0,"5"" x 5-1/2"""
BASE,Two or More Side Mount Fixtures,20,120 - 130 MPH,0,0,"5"" x 5-1/2"""
BASE,Two or More Side Mount Fixtures,20,130 - 140 MPH,0,0,"5"" x 5-1/2"""
BASE,Two or More Side Mount Fixtures,20,140 - 150 MPH,0,0,"5"" x 5-1/2"""
BASE,Two or More Side Mount Fixtures,20,150 - 160 MPH,0,0,"5"" x 5-1/2"""
BASE,Two or More Side Mount Fixtures,8,Less Than or Equal to 115 MPH,29.94,33.85,"6-3/4"" x 6-3/4"""
BASE,Two or More Side Mount Fixtures,8,115 - 120 MPH,27.5,31.09,"6-3/4"" x 6-3/4"""
BASE,Two or More Side Mount Fixtures,8,120 - 130 MPH,23.43,26.49,"6-3/4"" x 6-3/4"""
BASE,Two or More Side Mount Fixtures,8,130 - 140 MPH,20.21,22.84,"6-3/4"" x 6-3/4"""
BASE,Two or More Side Mount Fixtures,8,140 - 150 MPH,17.6,19.9,"6-3/4"" x 6-3/4"""
BASE,Two or More Side Mount Fixtures,8,150 - 160 MPH,15.47,17.49,"6-3/4"" x 6-3/4"""
BASE,Two or More Side Mount Fixtures,10,Less Than or Equal to 115 MPH,29.94,33.85,"6-3/4"" x 6-3/4"""
BASE,Two or More Side Mount Fixtures,10,115 - 120 MPH,27.5,31.09,"6-3/4"" x 6-3/4"""
BASE,Two or More Side Mount Fixtures,10,120 - 130 MPH,23.43,26.49,"6-3/4"" x 6-3/4"""
BASE,Two or More Side Mount Fixtures,10,130 - 140 MPH,20.21,22.84,"6-3/4"" x 6-3/4"""
BASE,Two or More Side Mount Fixtures,10,140 - 150 MPH,17.6,19.9,"6-3/4"" x 6-3/4"""
BASE,Two or More Side Mount Fixtures,10,150 - 160 MPH,15.47,17.49,"6-3/4"" x 6-3/4"""
BASE,Two or More Side Mount Fixtures,12,Less Than or Equal to 115 MPH,27.54,33.85,"6-3/4"" x 6-3/4"""
BASE,Two or More Side Mount Fixtures,12,115 - 120 MPH,24.86,31.09,"6-3/4"" x 6-3/4"""
BASE,Two or More Side Mount Fixtures,12,120 - 130 MPH,20.24,26.49,"6-3/4"" x 6-3/4"""
BASE,Two or More Side Mount Fixtures,12,130 - 140 MPH,16.57,22.84,"6-3/4"" x 6-3/4"""
BASE,Two or More Side Mount Fixtures,12,140 - 150 MPH,13.62,19.9,"6-3/4"" x 6-3/4"""
BASE,Two or More Side Mount Fixtures,12,150 - 160 MPH,11.2,17.26,"6-3/4"" x 6-3/4"""
BASE,Two or More Side Mount Fixtures,14,Less Than or Equal to 115 MPH,21.21,31.1,"6-3/4"" x 6-3/4"""
BASE,Two or More Side Mount Fixtures,14,115 - 120 MPH,18.87,27.97,"6-3/4"" x 6-3/4"""
BASE,Two or More Side Mount Fixtures,14,120 - 130 MPH,14.98,22.74,"6-3/4"" x 6-3/4"""
BASE,Two or More Side Mount Fixtures,14,130 - 140 MPH,11.89,18.58,"6-3/4"" x 6-3/4"""
BASE,Two or More Side Mount Fixtures,14,140 - 150 MPH,9.4,15.23,"6-3/4"" x 6-3/4"""
BASE,Two or More Side Mount Fixtures,14,150 - 160 MPH,7.36,12.48,"6-3/4"" x 6-3/4"""
BASE,Two or More Side Mount Fixtures,16,Less Than or Equal to 115 MPH,15.81,24.27,"6-3/4"" x 6-3/4"""
BASE,Two or More Side Mount Fixtures,16,115 - 120 MPH,13.83,21.59,"6-3/4"" x 6-3/4"""
BASE,Two or More Side Mount Fixtures,16,120 - 130 MPH,10.52,17.14,"6-3/4"" x 6-3/4"""
BASE,Two or More Side Mount Fixtures,16,130 - 140 MPH,7.9,13.6,"6-3/4"" x 6-3/4"""
BASE,Two or More Side Mount Fixtures,16,140 - 150 MPH,5.78,10.75,"6-3/4"" x 6-3/4"""
BASE,Two or More Side Mount Fixtures,16,150 - 160 MPH,4.05,8.42,"6-3/4"" x 6-3/4"""
BASE,Two or More Side Mount Fixtures,18,Less Than or Equal to 115 MPH,11.37,18.69,"6-3/4"" x 6-3/4"""
BASE,Two or More Side Mount Fixtures,18,115 - 120 MPH,9.66,16.39,"6-3/4"" x 6-3/4"""
BASE,Two or More Side Mount Fixtures,18,120 - 130 MPH,6.81,12.54,"6-3/4"" x 6-3/4"""
BASE,Two or More Side Mount Fixtures,18,130 - 140 MPH,4.56,9.5,"6-3/4"" x 6-3/4"""
BASE,Two or More Side Mount Fixtures,18,140 - 150 MPH,2.73,7.04,"6-3/4"" x 6-3/4"""
BASE,Two or More Side Mount Fixtures,18,150 - 160 MPH,1.24,5.03,"6-3/4"" x 6-3/4"""
BASE,Two or More Side Mount Fixtures,20,Less Than or Equal to 115 MPH,7.58,14.01,"6-3/4"" x 6-3/4"""
BASE,Two or More Side Mount Fixtures,20,115 - 120 MPH,6.1,12,"6-3/4"" x 6-3/4"""
BASE,Two or More Side Mount Fixtures,20,120 - 130 MPH,3.62,8.65,"6-3/4"" x 6-3/4"""
BASE,Two or More Side Mount Fixtures,20,130 - 140 MPH,1.66,6,"6-3/4"" x 6-3/4"""
BASE,Two or More Side Mount Fixtures,20,140 - 150 MPH,0,3.86,"6-3/4"" x 6-3/4"""
BASE,Two or More Side Mount Fixtures,20,150 - 160 MPH,0,2.1,"6-3/4"" x 6-3/4"""
BASE,Two or More Side Mount Fixtures,22,Less Than or Equal to 115 MPH,4.28,10,"6-3/4"" x 6-3/4"""
BASE,Two or More Side Mount Fixtures,22,115 - 120 MPH,2.98,8.22,"6-3/4"" x 6-3/4"""
BASE,Two or More Side Mount Fixtures,22,120 - 130 MPH,0.81,5.27,"6-3/4"" x 6-3/4"""
BASE,Two or More Side Mount Fixtures,22,130 - 140 MPH,0,2.93,"6-3/4"" x 6-3/4"""
BASE,Two or More Side Mount Fixtures,22,140 - 150 MPH,0,1.06,"6-3/4"" x 6-3/4"""
BASE,Two or More Side Mount Fixtures,22,150 - 160 MPH,0,0,"6-3/4"" x 6-3/4"""
BASE,Two or More Side Mount Fixtures,24,Less Than or Equal to 115 MPH,1.48,6.64,"6-3/4"" x 6-3/4"""
BASE,Two or More Side Mount Fixtures,24,115 - 120 MPH,0,5.06,"6-3/4"" x 6-3/4"""
BASE,Two or More Side Mount Fixtures,24,120 - 130 MPH,0,2.42,"6-3/4"" x 6-3/4"""
BASE,Two or More Side Mount Fixtures,24,130 - 140 MPH,0,0,"6-3/4"" x 6-3/4"""
BASE,Two or More Side Mount Fixtures,24,140 - 150 MPH,0,0,"6-3/4"" x 6-3/4"""
BASE,Two or More Side Mount Fixtures,24,150 - 160 MPH,0,0,"6-3/4"" x 6-3/4"""
BASE,Two or More Side Mount Fixtures,26,Less Than or Equal to 115 MPH,0,3.44,"6-3/4"" x 6-3/4"""
BASE,Two or More Side Mount Fixtures,26,115 - 120 MPH,0,2.03,"6-3/4"" x 6-3/4"""
BASE,Two or More Side Mount Fixtures,26,120 - 130 MPH,0,0,"6-3/4"" x 6-3/4"""
BASE,Two or More Side Mount Fixtures,26,130 - 140 MPH,0,0,"6-3/4"" x 6-3/4"""
BASE,Two or More Side Mount Fixtures,26,140 - 150 MPH,0,0,"6-3/4"" x 6-3/4"""
BASE,Two or More Side Mount Fixtures,26,150 - 160 MPH,0,0,"6-3/4"" x 6-3/4"""
BASE,Two or More Side Mount Fixtures,28,Less Than or Equal to 115 MPH,0,0.69,"6-3/4"" x 6-3/4"""
BASE,Two or More Side Mount Fixtures,28,115 - 120 MPH,0,0,"6-3/4"" x 6-3/4"""
BASE,Two or More Side Mount Fixtures,28,120 - 130 MPH,0,0,"6-3/4"" x 6-3/4"""
BASE,Two or More Side Mount Fixtures,28,130 - 140 MPH,0,0,"6-3/4"" x 6-3/4"""
BASE,Two or More Side Mount Fixtures,28,140 - 150 MPH,0,0,"6-3/4"" x 6-3/4"""
BASE,Two or More Side Mount Fixtures,28,150 - 160 MPH,0,0,"6-3/4"" x 6-3/4"""
BASE,Two or More Side Mount Fixtures,8,Less Than or Equal to 115 MPH,56.95,64.38,"8-1/2"" x 8-1/4"""
BASE,Two or More Side Mount Fixtures,8,115 - 120 MPH,52.31,59.14,"8-1/2"" x 8-1/4"""
BASE,Two or More Side Mount Fixtures,8,120 - 130 MPH,44.58,50.39,"8-1/2"" x 8-1/4"""
BASE,Two or More Side Mount Fixtures,8,130 - 140 MPH,38.43,43.45,"8-1/2"" x 8-1/4"""
BASE,Two or More Side Mount Fixtures,8,140 - 150 MPH,33.48,37.85,"8-1/2"" x 8-1/4"""
BASE,Two or More Side Mount Fixtures,8,150 - 160 MPH,29.43,33.27,"8-1/2"" x 8-1/4"""
BASE,Two or More Side Mount Fixtures,10,Less Than or Equal to 115 MPH,56.95,64.38,"8-1/2"" x 8-1/4"""
BASE,Two or More Side Mount Fixtures,10,115 - 120 MPH,52.31,59.14,"8-1/2"" x 8-1/4"""
BASE,Two or More Side Mount Fixtures,10,120 - 130 MPH,44.58,50.39,"8-1/2"" x 8-1/4"""
BASE,Two or More Side Mount Fixtures,10,130 - 140 MPH,38.43,43.45,"8-1/2"" x 8-1/4"""
BASE,Two or More Side Mount Fixtures,10,140 - 150 MPH,33.48,37.85,"8-1/2"" x 8-1/4"""
BASE,Two or More Side Mount Fixtures,10,150 - 160 MPH,29.43,33.27,"8-1/2"" x 8-1/4"""
BASE,Two or More Side Mount Fixtures,12,Less Than or Equal to 115 MPH,56.09,64.38,"8-1/2"" x 8-1/4"""
BASE,Two or More Side Mount Fixtures,12,115 - 120 MPH,51.02,59.14,"8-1/2"" x 8-1/4"""
BASE,Two or More Side Mount Fixtures,12,120 - 130 MPH,42.58,50.39,"8-1/2"" x 8-1/4"""
BASE,Two or More Side Mount Fixtures,12,130 - 140 MPH,35.75,43.45,"8-1/2"" x 8-1/4"""
BASE,Two or More Side Mount Fixtures,12,140 - 150 MPH,30.13,37.85,"8-1/2"" x 8-1/4"""
BASE,Two or More Side Mount Fixtures,12,150 - 160 MPH,25.53,33.27,"8-1/2"" x 8-1/4"""
BASE,Two or More Side Mount Fixtures,14,Less Than or Equal to 115 MPH,45.38,63.22,"8-1/2"" x 8-1/4"""
BASE,Two or More Side Mount Fixtures,14,115 - 120 MPH,40.92,57.46,"8-1/2"" x 8-1/4"""
BASE,Two or More Side Mount Fixtures,14,120 - 130 MPH,33.52,47.89,"8-1/2"" x 8-1/4"""
BASE,Two or More Side Mount Fixtures,14,130 - 140 MPH,27.63,40.03,"8-1/2"" x 8-1/4"""
BASE,Two or More Side Mount Fixtures,14,140 - 150 MPH,22.89,33.65,"8-1/2"" x 8-1/4"""
BASE,Two or More Side Mount Fixtures,14,150 - 160 MPH,19,28.42,"8-1/2"" x 8-1/4"""
BASE,Two or More Side Mount Fixtures,16,Less Than or Equal to 115 MPH,35.93,51.64,"8-1/2"" x 8-1/4"""
BASE,Two or More Side Mount Fixtures,16,115 - 120 MPH,32.15,46.55,"8-1/2"" x 8-1/4"""
BASE,Two or More Side Mount Fixtures,16,120 - 130 MPH,25.84,38.08,"8-1/2"" x 8-1/4"""
BASE,Two or More Side Mount Fixtures,16,130 - 140 MPH,20.83,31.34,"8-1/2"" x 8-1/4"""
BASE,Two or More Side Mount Fixtures,16,140 - 150 MPH,16.79,25.91,"8-1/2"" x 8-1/4"""
BASE,Two or More Side Mount Fixtures,16,150 - 160 MPH,13.49,21.47,"8-1/2"" x 8-1/4"""
BASE,Two or More Side Mount Fixtures,18,Less Than or Equal to 115 MPH,28.31,41.87,"8-1/2"" x 8-1/4"""
BASE,Two or More Side Mount Fixtures,18,115 - 120 MPH,25.03,37.47,"8-1/2"" x 8-1/4"""
BASE,Two or More Side Mount Fixtures,18,120 - 130 MPH,19.58,30.13,"8-1/2"" x 8-1/4"""
BASE,Two or More Side Mount Fixtures,18,130 - 140 MPH,15.26,24.31,"8-1/2"" x 8-1/4"""
BASE,Two or More Side Mount Fixtures,18,140 - 150 MPH,11.76,19.61,"8-1/2"" x 8-1/4"""
BASE,Two or More Side Mount Fixtures,18,150 - 160 MPH,8.91,15.77,"8-1/2"" x 8-1/4"""
BASE,Two or More Side Mount Fixtures,20,Less Than or Equal to 115 MPH,21.87,33.8,"8-1/2"" x 8-1/4"""
BASE,Two or More Side Mount Fixtures,20,115 - 120 MPH,19.02,29.94,"8-1/2"" x 8-1/4"""
BASE,Two or More Side Mount Fixtures,20,120 - 130 MPH,14.26,23.52,"8-1/2"" x 8-1/4"""
BASE,Two or More Side Mount Fixtures,20,130 - 140 MPH,10.49,18.42,"8-1/2"" x 8-1/4"""
BASE,Two or More Side Mount Fixtures,20,140 - 150 MPH,7.45,14.31,"8-1/2"" x 8-1/4"""
BASE,Two or More Side Mount Fixtures,20,150 - 160 MPH,4.95,10.94,"8-1/2"" x 8-1/4"""
BASE,Two or More Side Mount Fixtures,22,Less Than or Equal to 115 MPH,16.16,26.92,"8-1/2"" x 8-1/4"""
BASE,Two or More Side Mount Fixtures,22,115 - 120 MPH,13.66,23.52,"8-1/2"" x 8-1/4"""
BASE,Two or More Side Mount Fixtures,22,120 - 130 MPH,9.5,17.84,"8-1/2"" x 8-1/4"""
BASE,Two or More Side Mount Fixtures,22,130 - 140 MPH,6.2,13.34,"8-1/2"" x 8-1/4"""
BASE,Two or More Side Mount Fixtures,22,140 - 150 MPH,3.54,9.71,"8-1/2"" x 8-1/4"""
BASE,Two or More Side Mount Fixtures,22,150 - 160 MPH,1.36,6.74,"8-1/2"" x 8-1/4"""
BASE,Two or More Side Mount Fixtures,24,Less Than or Equal to 115 MPH,11.48,21.27,"8-1/2"" x 8-1/4"""
BASE,Two or More Side Mount Fixtures,24,115 - 120 MPH,9.26,18.21,"8-1/2"" x 8-1/4"""
BASE,Two or More Side Mount Fixtures,24,120 - 130 MPH,5.56,13.1,"8-1/2"" x 8-1/4"""
BASE,Two or More Side Mount Fixtures,24,130 - 140 MPH,2.62,9.09,"8-1/2"" x 8-1/4"""
BASE,Two or More Side Mount Fixtures,24,140 - 150 MPH,0,5.84,"8-1/2"" x 8-1/4"""
BASE,Two or More Side Mount Fixtures,24,150 - 160 MPH,0,3.18,"8-1/2"" x 8-1/4"""
BASE,Two or More Side Mount Fixtures,26,Less Than or Equal to 115 MPH,7.08,15.91,"8-1/2"" x 8-1/4"""
BASE,Two or More Side Mount Fixtures,26,115 - 120 MPH,5.1,13.18,"8-1/2"" x 8-1/4"""
BASE,Two or More Side Mount Fixtures,26,120 - 130 MPH,1.82,8.64,"8-1/2"" x 8-1/4"""
BASE,Two or More Side Mount Fixtures,26,130 - 140 MPH,0,5.04,"8-1/2"" x 8-1/4"""
BASE,Two or More Side Mount Fixtures,26,140 - 150 MPH,0,2.13,"8-1/2"" x 8-1/4"""
BASE,Two or More Side Mount Fixtures,26,150 - 160 MPH,0,0,"8-1/2"" x 8-1/4"""
BASE,Two or More Side Mount Fixtures,28,Less Than or Equal to 115 MPH,3.33,11.44,"8-1/2"" x 8-1/4"""
BASE,Two or More Side Mount Fixtures,28,115 - 120 MPH,1.56,8.96,"8-1/2"" x 8-1/4"""
BASE,Two or More Side Mount Fixtures,28,120 - 130 MPH,0,4.85,"8-1/2"" x 8-1/4"""
BASE,Two or More Side Mount Fixtures,28,130 - 140 MPH,0,1.59,"8-1/2"" x 8-1/4"""
BASE,Two or More Side Mount Fixtures,28,140 - 150 MPH,0,0,"8-1/2"" x 8-1/4"""
BASE,Two or More Side Mount Fixtures,28,150 - 160 MPH,0,0,"8-1/2"" x 8-1/4"""
BASE,Two or More Side Mount Fixtures,30,Less Than or Equal to 115 MPH,0,7.08,"8-1/2"" x 8-1/4"""
BASE,Two or More Side Mount Fixtures,30,115 - 120 MPH,0,4.86,"8-1/2"" x 8-1/4"""
BASE,Two or More Side Mount Fixtures,30,120 - 130 MPH,0,1.16,"8-1/2"" x 8-1/4"""
BASE,Two or More Side Mount Fixtures,30,130 - 140 MPH,0,0,"8-1/2"" x 8-1/4"""
BASE,Two or More Side Mount Fixtures,30,140 - 150 MPH,0,0,"8-1/2"" x 8-1/4"""
BASE,Two or More Side Mount Fixtures,30,150 - 160 MPH,0,0,"8-1/2"" x 8-1/4"""
DIRECT EMBEDMENT,Single Side Mount Fixture,8,Less Than or Equal to 115 MPH,6.06,6.85,"5"" x 5-1/2"""
DIRECT EMBEDMENT,Single Side Mount Fixture,8,115 - 120 MPH,5.57,6.3,"5"" x 5-1/2"""
DIRECT EMBEDMENT,Single Side Mount Fixture,8,120 - 130 MPH,4.75,5.36,"5"" x 5-1/2"""
DIRECT EMBEDMENT,Single Side Mount Fixture,8,130 - 140 MPH,4.09,4.63,"5"" x 5-1/2"""
DIRECT EMBEDMENT,Single Side Mount Fixture,8,140 - 150 MPH,3.56,4.03,"5"" x 5-1/2"""
DIRECT EMBEDMENT,Single Side Mount Fixture,8,150 - 160 MPH,3.13,3.54,"5"" x 5-1/2"""
DIRECT EMBEDMENT,Single Side Mount Fixture,10,Less Than or Equal to 115 MPH,6.06,6.85,"5"" x 5-1/2"""
DIRECT EMBEDMENT,Single Side Mount Fixture,10,115 - 120 MPH,5.57,6.3,"5"" x 5-1/2"""
DIRECT EMBEDMENT,Single Side Mount Fixture,10,120 - 130 MPH,4.75,5.36,"5"" x 5-1/2"""
DIRECT EMBEDMENT,Single Side Mount Fixture,10,130 - 140 MPH,4.09,4.63,"5"" x 5-1/2"""
DIRECT EMBEDMENT,Single Side Mount Fixture,10,140 - 150 MPH,3.56,4.03,"5"" x 5-1/2"""
DIRECT EMBEDMENT,Single Side Mount Fixture,10,150 - 160 MPH,3.13,3.54,"5"" x 5-1/2"""
DIRECT EMBEDMENT,Single Side Mount Fixture,12,Less Than or Equal to 115 MPH,6.06,6.85,"5"" x 5-1/2"""
DIRECT EMBEDMENT,Single Side Mount Fixture,12,115 - 120 MPH,5.57,6.3,"5"" x 5-1/2"""
DIRECT EMBEDMENT,Single Side Mount Fixture,12,120 - 130 MPH,4.4,5.36,"5"" x 5-1/2"""
DIRECT EMBEDMENT,Single Side Mount Fixture,12,130 - 140 MPH,3.09,4.63,"5"" x 5-1/2"""
DIRECT EMBEDMENT,Single Side Mount Fixture,12,140 - 150 MPH,2.03,4.03,"5"" x 5-1/2"""
DIRECT EMBEDMENT,Single Side Mount Fixture,12,150 - 160 MPH,1.17,3.54,"5"" x 5-1/2"""
DIRECT EMBEDMENT,Single Side Mount Fixture,14,Less Than or Equal to 115 MPH,4.22,6.78,"5"" x 5-1/2"""
DIRECT EMBEDMENT,Single Side Mount Fixture,14,115 - 120 MPH,3.38,6.22,"5"" x 5-1/2"""
DIRECT EMBEDMENT,Single Side Mount Fixture,14,120 - 130 MPH,2,5.3,"5"" x 5-1/2"""
DIRECT EMBEDMENT,Single Side Mount Fixture,14,130 - 140 MPH,0.9,4.31,"5"" x 5-1/2"""
DIRECT EMBEDMENT,Single Side Mount Fixture,14,140 - 150 MPH,0,3.04,"5"" x 5-1/2"""
DIRECT EMBEDMENT,Single Side Mount Fixture,14,150 - 160 MPH,0,2.01,"5"" x 5-1/2"""
DIRECT EMBEDMENT,Single Side Mount Fixture,16,Less Than or Equal to 115 MPH,1.75,5.96,"5"" x 5-1/2"""
DIRECT EMBEDMENT,Single Side Mount Fixture,16,115 - 120 MPH,1.05,4.96,"5"" x 5-1/2"""
DIRECT EMBEDMENT,Single Side Mount Fixture,16,120 - 130 MPH,0,3.3,"5"" x 5-1/2"""
DIRECT EMBEDMENT,Single Side Mount Fixture,16,130 - 140 MPH,0,1.97,"5"" x 5-1/2"""
DIRECT EMBEDMENT,Single Side Mount Fixture,16,140 - 150 MPH,0,0.91,"5"" x 5-1/2"""
DIRECT EMBEDMENT,Single Side Mount Fixture,16,150 - 160 MPH,0,0,"5"" x 5-1/2"""
DIRECT EMBEDMENT,Single Side Mount Fixture,18,Less Than or Equal to 115 MPH,0,3.37,"5"" x 5-1/2"""
DIRECT EMBEDMENT,Single Side Mount Fixture,18,115 - 120 MPH,0,2.52,"5"" x 5-1/2"""
DIRECT EMBEDMENT,Single Side Mount Fixture,18,120 - 130 MPH,0,1.1,"5"" x 5-1/2"""
DIRECT EMBEDMENT,Single Side Mount Fixture,18,130 - 140 MPH,0,0,"5"" x 5-1/2"""
DIRECT EMBEDMENT,Single Side Mount Fixture,18,140 - 150 MPH,0,0,"5"" x 5-1/2"""
DIRECT EMBEDMENT,Single Side Mount Fixture,18,150 - 160 MPH,0,0,"5"" x 5-1/2"""
DIRECT EMBEDMENT,Single Side Mount Fixture,20,Less Than or Equal to 115 MPH,0,1.12,"5"" x 5-1/2"""
DIRECT EMBEDMENT,Single Side Mount Fixture,20,115 - 120 MPH,0,0,"5"" x 5-1/2"""
DIRECT EMBEDMENT,Single Side Mount Fixture,20,120 - 130 MPH,0,0,"5"" x 5-1/2"""
DIRECT EMBEDMENT,Single Side Mount Fixture,20,130 - 140 MPH,0,0,"5"" x 5-1/2"""
DIRECT EMBEDMENT,Single Side Mount Fixture,20,140 - 150 MPH,0,0,"5"" x 5-1/2"""
DIRECT EMBEDMENT,Single Side Mount Fixture,20,150 - 160 MPH,0,0,"5"" x 5-1/2"""
DIRECT EMBEDMENT,Single Side Mount Fixture,8,Less Than or Equal to 115 MPH,13.1,14.81,"6-3/4"" x 6-3/4"""
DIRECT EMBEDMENT,Single Side Mount Fixture,8,115 - 120 MPH,12.03,13.6,"6-3/4"" x 6-3/4"""
DIRECT EMBEDMENT,Single Side Mount Fixture,8,120 - 130 MPH,10.25,11.59,"6-3/4"" x 6-3/4"""
DIRECT EMBEDMENT,Single Side Mount Fixture,8,130 - 140 MPH,8.84,10,"6-3/4"" x 6-3/4"""
DIRECT EMBEDMENT,Single Side Mount Fixture,8,140 - 150 MPH,7.7,8.71,"6-3/4"" x 6-3/4"""
DIRECT EMBEDMENT,Single Side Mount Fixture,8,150 - 160 MPH,6.77,7.65,"6-3/4"" x 6-3/4"""
DIRECT EMBEDMENT,Single Side Mount Fixture,10,Less Than or Equal to 115 MPH,13.1,14.81,"6-3/4"" x 6-3/4"""
DIRECT EMBEDMENT,Single Side Mount Fixture,10,115 - 120 MPH,12.03,13.6,"6-3/4"" x 6-3/4"""
DIRECT EMBEDMENT,Single Side Mount Fixture,10,120 - 130 MPH,10.25,11.59,"6-3/4"" x 6-3/4"""
DIRECT EMBEDMENT,Single Side Mount Fixture,10,130 - 140 MPH,8.84,10,"6-3/4"" x 6-3/4"""
DIRECT EMBEDMENT,Single Side Mount Fixture,10,140 - 150 MPH,7.7,8.71,"6-3/4"" x 6-3/4"""
DIRECT EMBEDMENT,Single Side Mount Fixture,10,150 - 160 MPH,6.77,7.65,"6-3/4"" x 6-3/4"""
DIRECT EMBEDMENT,Single Side Mount Fixture,12,Less Than or Equal to 115 MPH,13.1,14.81,"6-3/4"" x 6-3/4"""
DIRECT EMBEDMENT,Single Side Mount Fixture,12,115 - 120 MPH,12.03,13.6,"6-3/4"" x 6-3/4"""
DIRECT EMBEDMENT,Single Side Mount Fixture,12,120 - 130 MPH,10.25,11.59,"6-3/4"" x 6-3/4"""
DIRECT EMBEDMENT,Single Side Mount Fixture,12,130 - 140 MPH,8.84,10,"6-3/4"" x 6-3/4"""
DIRECT EMBEDMENT,Single Side Mount Fixture,12,140 - 150 MPH,7.7,8.71,"6-3/4"" x 6-3/4"""
DIRECT EMBEDMENT,Single Side Mount Fixture,12,150 - 160 MPH,6.77,7.65,"6-3/4"" x 6-3/4"""
DIRECT EMBEDMENT,Single Side Mount Fixture,14,Less Than or Equal to 115 MPH,12.95,14.64,"6-3/4"" x 6-3/4"""
DIRECT EMBEDMENT,Single Side Mount Fixture,14,115 - 120 MPH,11.89,13.44,"6-3/4"" x 6-3/4"""
DIRECT EMBEDMENT,Single Side Mount Fixture,14,120 - 130 MPH,10.13,11.46,"6-3/4"" x 6-3/4"""
DIRECT EMBEDMENT,Single Side Mount Fixture,14,130 - 140 MPH,7.95,9.88,"6-3/4"" x 6-3/4"""
DIRECT EMBEDMENT,Single Side Mount Fixture,14,140 - 150 MPH,5.96,8.6,"6-3/4"" x 6-3/4"""
DIRECT EMBEDMENT,Single Side Mount Fixture,14,150 - 160 MPH,4.34,7.56,"6-3/4"" x 6-3/4"""
DIRECT EMBEDMENT,Single Side Mount Fixture,16,Less Than or Equal to 115 MPH,10.82,14.3,"6-3/4"" x 6-3/4"""
DIRECT EMBEDMENT,Single Side Mount Fixture,16,115 - 120 MPH,9.24,13.14,"6-3/4"" x 6-3/4"""
DIRECT EMBEDMENT,Single Side Mount Fixture,16,120 - 130 MPH,6.62,11.2,"6-3/4"" x 6-3/4"""
DIRECT EMBEDMENT,Single Side Mount Fixture,16,130 - 140 MPH,4.53,9.1,"6-3/4"" x 6-3/4"""
DIRECT EMBEDMENT,Single Side Mount Fixture,16,140 - 150 MPH,2.85,6.83,"6-3/4"" x 6-3/4"""
DIRECT EMBEDMENT,Single Side Mount Fixture,16,150 - 160 MPH,1.48,4.98,"6-3/4"" x 6-3/4"""
DIRECT EMBEDMENT,Single Side Mount Fixture,18,Less Than or Equal to 115 MPH,7.04,12.91,"6-3/4"" x 6-3/4"""
DIRECT EMBEDMENT,Single Side Mount Fixture,18,115 - 120 MPH,5.68,11.07,"6-3/4"" x 6-3/4"""
DIRECT EMBEDMENT,Single Side Mount Fixture,18,120 - 130 MPH,3.43,8.02,"6-3/4"" x 6-3/4"""
DIRECT EMBEDMENT,Single Side Mount Fixture,18,130 - 140 MPH,1.64,5.6,"6-3/4"" x 6-3/4"""
DIRECT EMBEDMENT,Single Side Mount Fixture,18,140 - 150 MPH,0,3.65,"6-3/4"" x 6-3/4"""
DIRECT EMBEDMENT,Single Side Mount Fixture,18,150 - 160 MPH,0,2.04,"6-3/4"" x 6-3/4"""
DIRECT EMBEDMENT,Single Side Mount Fixture,20,Less Than or Equal to 115 MPH,3.78,8.94,"6-3/4"" x 6-3/4"""
DIRECT EMBEDMENT,Single Side Mount Fixture,20,115 - 120 MPH,2.61,7.34,"6-3/4"" x 6-3/4"""
DIRECT EMBEDMENT,Single Side Mount Fixture,20,120 - 130 MPH,0.65,4.69,"6-3/4"" x 6-3/4"""
DIRECT EMBEDMENT,Single Side Mount Fixture,20,130 - 140 MPH,0,2.58,"6-3/4"" x 6-3/4"""
DIRECT EMBEDMENT,Single Side Mount Fixture,20,140 - 150 MPH,0,0.88,"6-3/4"" x 6-3/4"""
DIRECT EMBEDMENT,Single Side Mount Fixture,20,150 - 160 MPH,0,0,"6-3/4"" x 6-3/4"""
DIRECT EMBEDMENT,Single Side Mount Fixture,22,Less Than or Equal to 115 MPH,0.91,5.49,"6-3/4"" x 6-3/4"""
DIRECT EMBEDMENT,Single Side Mount Fixture,22,115 - 120 MPH,0,4.1,"6-3/4"" x 6-3/4"""
DIRECT EMBEDMENT,Single Side Mount Fixture,22,120 - 130 MPH,0,1.76,"6-3/4"" x 6-3/4"""
DIRECT EMBEDMENT,Single Side Mount Fixture,22,130 - 140 MPH,0,0,"6-3/4"" x 6-3/4"""
DIRECT EMBEDMENT,Single Side Mount Fixture,22,140 - 150 MPH,0,0,"6-3/4"" x 6-3/4"""
DIRECT EMBEDMENT,Single Side Mount Fixture,22,150 - 160 MPH,0,0,"6-3/4"" x 6-3/4"""
DIRECT EMBEDMENT,Single Side Mount Fixture,24,Less Than or Equal to 115 MPH,0,2.58,"6-3/4"" x 6-3/4"""
DIRECT EMBEDMENT,Single Side Mount Fixture,24,115 - 120 MPH,0,1.34,"6-3/4"" x 6-3/4"""
DIRECT EMBEDMENT,Single Side Mount Fixture,24,120 - 130 MPH,0,0,"6-3/4"" x 6-3/4"""
DIRECT EMBEDMENT,Single Side Mount Fixture,24,130 - 140 MPH,0,0,"6-3/4"" x 6-3/4"""
DIRECT EMBEDMENT,Single Side Mount Fixture,24,140 - 150 MPH,0,0,"6-3/4"" x 6-3/4"""
DIRECT EMBEDMENT,Single Side Mount Fixture,24,150 - 160 MPH,0,0,"6-3/4"" x 6-3/4"""
DIRECT EMBEDMENT,Single Side Mount Fixture,8,Less Than or Equal to 115 MPH,24.92,28.17,"8-1/2"" x 8-1/4"""
DIRECT EMBEDMENT,Single Side Mount Fixture,8,115 - 120 MPH,22.89,25.87,"8-1/2"" x 8-1/4"""
DIRECT EMBEDMENT,Single Side Mount Fixture,8,120 - 130 MPH,19.5,22.05,"8-1/2"" x 8-1/4"""
DIRECT EMBEDMENT,Single Side Mount Fixture,8,130 - 140 MPH,16.81,19.01,"8-1/2"" x 8-1/4"""
DIRECT EMBEDMENT,Single Side Mount Fixture,8,140 - 150 MPH,14.65,16.56,"8-1/2"" x 8-1/4"""
DIRECT EMBEDMENT,Single Side Mount Fixture,8,150 - 160 MPH,12.87,14.55,"8-1/2"" x 8-1/4"""
DIRECT EMBEDMENT,Single Side Mount Fixture,10,Less Than or Equal to 115 MPH,24.92,28.17,"8-1/2"" x 8-1/4"""
DIRECT EMBEDMENT,Single Side Mount Fixture,10,115 - 120 MPH,22.89,25.87,"8-1/2"" x 8-1/4"""
DIRECT EMBEDMENT,Single Side Mount Fixture,10,120 - 130 MPH,19.5,22.05,"8-1/2"" x 8-1/4"""
DIRECT EMBEDMENT,Single Side Mount Fixture,10,130 - 140 MPH,16.81,19.01,"8-1/2"" x 8-1/4"""
DIRECT EMBEDMENT,Single Side Mount Fixture,10,140 - 150 MPH,14.65,16.56,"8-1/2"" x 8-1/4"""
DIRECT EMBEDMENT,Single Side Mount Fixture,10,150 - 160 MPH,12.87,14.55,"8-1/2"" x 8-1/4"""
DIRECT EMBEDMENT,Single Side Mount Fixture,12,Less Than or Equal to 115 MPH,24.92,28.17,"8-1/2"" x 8-1/4"""
DIRECT EMBEDMENT,Single Side Mount Fixture,12,115 - 120 MPH,22.89,25.87,"8-1/2"" x 8-1/4"""
DIRECT EMBEDMENT,Single Side Mount Fixture,12,120 - 130 MPH,19.5,22.05,"8-1/2"" x 8-1/4"""
DIRECT EMBEDMENT,Single Side Mount Fixture,12,130 - 140 MPH,16.81,19.01,"8-1/2"" x 8-1/4"""
DIRECT EMBEDMENT,Single Side Mount Fixture,12,140 - 150 MPH,14.65,16.56,"8-1/2"" x 8-1/4"""
DIRECT EMBEDMENT,Single Side Mount Fixture,12,150 - 160 MPH,12.87,14.55,"8-1/2"" x 8-1/4"""
DIRECT EMBEDMENT,Single Side Mount Fixture,14,Less Than or Equal to 115 MPH,24.63,27.85,"8-1/2"" x 8-1/4"""
DIRECT EMBEDMENT,Single Side Mount Fixture,14,115 - 120 MPH,22.62,25.57,"8-1/2"" x 8-1/4"""
DIRECT EMBEDMENT,Single Side Mount Fixture,14,120 - 130 MPH,19.28,21.79,"8-1/2"" x 8-1/4"""
DIRECT EMBEDMENT,Single Side Mount Fixture,14,130 - 140 MPH,16.62,18.79,"8-1/2"" x 8-1/4"""
DIRECT EMBEDMENT,Single Side Mount Fixture,14,140 - 150 MPH,14.48,16.37,"8-1/2"" x 8-1/4"""
DIRECT EMBEDMENT,Single Side Mount Fixture,14,150 - 160 MPH,12.72,14.38,"8-1/2"" x 8-1/4"""
DIRECT EMBEDMENT,Single Side Mount Fixture,16,Less Than or Equal to 115 MPH,24.07,27.21,"8-1/2"" x 8-1/4"""
DIRECT EMBEDMENT,Single Side Mount Fixture,16,115 - 120 MPH,22.11,24.99,"8-1/2"" x 8-1/4"""
DIRECT EMBEDMENT,Single Side Mount Fixture,16,120 - 130 MPH,18.46,21.29,"8-1/2"" x 8-1/4"""
DIRECT EMBEDMENT,Single Side Mount Fixture,16,130 - 140 MPH,14.47,18.36,"8-1/2"" x 8-1/4"""
DIRECT EMBEDMENT,Single Side Mount Fixture,16,140 - 150 MPH,11.25,15.99,"8-1/2"" x 8-1/4"""
DIRECT EMBEDMENT,Single Side Mount Fixture,16,150 - 160 MPH,8.62,14.06,"8-1/2"" x 8-1/4"""
DIRECT EMBEDMENT,Single Side Mount Fixture,18,Less Than or Equal to 115 MPH,20.13,26.61,"8-1/2"" x 8-1/4"""
DIRECT EMBEDMENT,Single Side Mount Fixture,18,115 - 120 MPH,17.52,24.44,"8-1/2"" x 8-1/4"""
DIRECT EMBEDMENT,Single Side Mount Fixture,18,120 - 130 MPH,13.18,20.82,"8-1/2"" x 8-1/4"""
DIRECT EMBEDMENT,Single Side Mount Fixture,18,130 - 140 MPH,9.74,16.93,"8-1/2"" x 8-1/4"""
DIRECT EMBEDMENT,Single Side Mount Fixture,18,140 - 150 MPH,6.96,13.18,"8-1/2"" x 8-1/4"""
DIRECT EMBEDMENT,Single Side Mount Fixture,18,150 - 160 MPH,4.68,10.1,"8-1/2"" x 8-1/4"""
DIRECT EMBEDMENT,Single Side Mount Fixture,20,Less Than or Equal to 115 MPH,14.69,24.19,"8-1/2"" x 8-1/4"""
DIRECT EMBEDMENT,Single Side Mount Fixture,20,115 - 120 MPH,12.42,21.11,"8-1/2"" x 8-1/4"""
DIRECT EMBEDMENT,Single Side Mount Fixture,20,120 - 130 MPH,8.64,16,"8-1/2"" x 8-1/4"""
DIRECT EMBEDMENT,Single Side Mount Fixture,20,130 - 140 MPH,5.65,11.94,"8-1/2"" x 8-1/4"""
DIRECT EMBEDMENT,Single Side Mount Fixture,20,140 - 150 MPH,3.22,8.66,"8-1/2"" x 8-1/4"""
DIRECT EMBEDMENT,Single Side Mount Fixture,20,150 - 160 MPH,1.24,5.98,"8-1/2"" x 8-1/4"""
DIRECT EMBEDMENT,Single Side Mount Fixture,22,Less Than or Equal to 115 MPH,9.84,18.39,"8-1/2"" x 8-1/4"""
DIRECT EMBEDMENT,Single Side Mount Fixture,22,115 - 120 MPH,7.86,15.68,"8-1/2"" x 8-1/4"""
DIRECT EMBEDMENT,Single Side Mount Fixture,22,120 - 130 MPH,4.55,11.16,"8-1/2"" x 8-1/4"""
DIRECT EMBEDMENT,Single Side Mount Fixture,22,130 - 140 MPH,1.94,7.59,"8-1/2"" x 8-1/4"""
DIRECT EMBEDMENT,Single Side Mount Fixture,22,140 - 150 MPH,0,4.7,"8-1/2"" x 8-1/4"""
DIRECT EMBEDMENT,Single Side Mount Fixture,22,150 - 160 MPH,0,2.34,"8-1/2"" x 8-1/4"""
DIRECT EMBEDMENT,Single Side Mount Fixture,24,Less Than or Equal to 115 MPH,5.81,13.57,"8-1/2"" x 8-1/4"""
DIRECT EMBEDMENT,Single Side Mount Fixture,24,115 - 120 MPH,4.05,11.14,"8-1/2"" x 8-1/4"""
DIRECT EMBEDMENT,Single Side Mount Fixture,24,120 - 130 MPH,1.12,7.1,"8-1/2"" x 8-1/4"""
DIRECT EMBEDMENT,Single Side Mount Fixture,24,130 - 140 MPH,0,3.9,"8-1/2"" x 8-1/4"""
DIRECT EMBEDMENT,Single Side Mount Fixture,24,140 - 150 MPH,0,1.32,"8-1/2"" x 8-1/4"""
DIRECT EMBEDMENT,Single Side Mount Fixture,24,150 - 160 MPH,0,0,"8-1/2"" x 8-1/4"""
DIRECT EMBEDMENT,Single Side Mount Fixture,26,Less Than or Equal to 115 MPH,1.99,8.99,"8-1/2"" x 8-1/4"""
DIRECT EMBEDMENT,Single Side Mount Fixture,26,115 - 120 MPH,0,6.83,"8-1/2"" x 8-1/4"""
DIRECT EMBEDMENT,Single Side Mount Fixture,26,120 - 130 MPH,0,3.23,"8-1/2"" x 8-1/4"""
DIRECT EMBEDMENT,Single Side Mount Fixture,26,130 - 140 MPH,0,0,"8-1/2"" x 8-1/4"""
DIRECT EMBEDMENT,Single Side Mount Fixture,26,140 - 150 MPH,0,0,"8-1/2"" x 8-1/4"""
DIRECT EMBEDMENT,Single Side Mount Fixture,26,150 - 160 MPH,0,0,"8-1/2"" x 8-1/4"""
DIRECT EMBEDMENT,Single Side Mount Fixture,28,Less Than or Equal to 115 MPH,0,5.12,"8-1/2"" x 8-1/4"""
DIRECT EMBEDMENT,Single Side Mount Fixture,28,115 - 120 MPH,0,3.17,"8-1/2"" x 8-1/4"""
DIRECT EMBEDMENT,Single Side Mount Fixture,28,120 - 130 MPH,0,0,"8-1/2"" x 8-1/4"""
DIRECT EMBEDMENT,Single Side Mount Fixture,28,130 - 140 MPH,0,0,"8-1/2"" x 8-1/4"""
DIRECT EMBEDMENT,Single Side Mount Fixture,28,140 - 150 MPH,0,0,"8-1/2"" x 8-1/4"""
DIRECT EMBEDMENT,Single Side Mount Fixture,28,150 - 160 MPH,0,0,"8-1/2"" x 8-1/4"""
DIRECT EMBEDMENT,Single Side Mount Fixture,30,Less Than or Equal to 115 MPH,0,1.34,"8-1/2"" x 8-1/4"""
DIRECT EMBEDMENT,Single Side Mount Fixture,30,115 - 120 MPH,0,0,"8-1/2"" x 8-1/4"""
DIRECT EMBEDMENT,Single Side Mount Fixture,30,120 - 130 MPH,0,0,"8-1/2"" x 8-1/4"""
DIRECT EMBEDMENT,Single Side Mount Fixture,30,130 - 140 MPH,0,0,"8-1/2"" x 8-1/4"""
DIRECT EMBEDMENT,Single Side Mount Fixture,30,140 - 150 MPH,0,0,"8-1/2"" x 8-1/4"""
DIRECT EMBEDMENT,Single Side Mount Fixture,30,150 - 160 MPH,0,0,"8-1/2"" x 8-1/4"""
DIRECT EMBEDMENT,Top Mount Fixture,8,Less Than or Equal to 115 MPH,14.96,22.33,"5"" x 5-1/2"""
DIRECT EMBEDMENT,Top Mount Fixture,8,115 - 120 MPH,13.56,20.33,"5"" x 5-1/2"""
DIRECT EMBEDMENT,Top Mount Fixture,8,120 - 130 MPH,11.21,17.01,"5"" x 5-1/2"""
DIRECT EMBEDMENT,Top Mount Fixture,8,130 - 140 MPH,9.35,14.38,"5"" x 5-1/2"""
DIRECT EMBEDMENT,Top Mount Fixture,8,140 - 150 MPH,7.76,12.25,"5"" x 5-1/2"""
DIRECT EMBEDMENT,Top Mount Fixture,8,150 - 160 MPH,6.41,10.51,"5"" x 5-1/2"""
DIRECT EMBEDMENT,Top Mount Fixture,10,Less Than or Equal to 115 MPH,10.84,16.78,"5"" x 5-1/2"""
DIRECT EMBEDMENT,Top Mount Fixture,10,115 - 120 MPH,9.61,15.19,"5"" x 5-1/2"""
DIRECT EMBEDMENT,Top Mount Fixture,10,120 - 130 MPH,7.56,12.55,"5"" x 5-1/2"""
DIRECT EMBEDMENT,Top Mount Fixture,10,130 - 140 MPH,5.93,10.46,"5"" x 5-1/2"""
DIRECT EMBEDMENT,Top Mount Fixture,10,140 - 150 MPH,4.62,8.65,"5"" x 5-1/2"""
DIRECT EMBEDMENT,Top Mount Fixture,10,150 - 160 MPH,3.54,7.13,"5"" x 5-1/2"""
DIRECT EMBEDMENT,Top Mount Fixture,12,Less Than or Equal to 115 MPH,7.36,12.86,"5"" x 5-1/2"""
DIRECT EMBEDMENT,Top Mount Fixture,12,115 - 120 MPH,6.34,11.52,"5"" x 5-1/2"""
DIRECT EMBEDMENT,Top Mount Fixture,12,120 - 130 MPH,4.65,9.12,"5"" x 5-1/2"""
DIRECT EMBEDMENT,Top Mount Fixture,12,130 - 140 MPH,3.3,7.21,"5"" x 5-1/2"""
DIRECT EMBEDMENT,Top Mount Fixture,12,140 - 150 MPH,2.22,5.67,"5"" x 5-1/2"""
DIRECT EMBEDMENT,Top Mount Fixture,12,150 - 160 MPH,1.33,4.41,"5"" x 5-1/2"""
DIRECT EMBEDMENT,Top Mount Fixture,14,Less Than or Equal to 115 MPH,4.48,9.3,"5"" x 5-1/2"""
DIRECT EMBEDMENT,Top Mount Fixture,14,115 - 120 MPH,3.62,8.09,"5"" x 5-1/2"""
DIRECT EMBEDMENT,Top Mount Fixture,14,120 - 130 MPH,2.21,6.08,"5"" x 5-1/2"""
DIRECT EMBEDMENT,Top Mount Fixture,14,130 - 140 MPH,1.08,4.48,"5"" x 5-1/2"""
DIRECT EMBEDMENT,Top Mount Fixture,14,140 - 150 MPH,0,3.2,"5"" x 5-1/2"""
DIRECT EMBEDMENT,Top Mount Fixture,14,150 - 160 MPH,0,2.15,"5"" x 5-1/2"""
DIRECT EMBEDMENT,Top Mount Fixture,16,Less Than or Equal to 115 MPH,1.98,6.18,"5"" x 5-1/2"""
DIRECT EMBEDMENT,Top Mount Fixture,16,115 - 120 MPH,1.26,5.17,"5"" x 5-1/2"""
DIRECT EMBEDMENT,Top Mount Fixture,16,120 - 130 MPH,0,3.47,"5"" x 5-1/2"""
DIRECT EMBEDMENT,Top Mount Fixture,16,130 - 140 MPH,0,2.13,"5"" x 5-1/2"""
DIRECT EMBEDMENT,Top Mount Fixture,16,140 - 150 MPH,0,1.04,"5"" x 5-1/2"""
DIRECT EMBEDMENT,Top Mount Fixture,16,150 - 160 MPH,0,0,"5"" x 5-1/2"""
DIRECT EMBEDMENT,Top Mount Fixture,18,Less Than or Equal to 115 MPH,0,3.57,"5"" x 5-1/2"""
DIRECT EMBEDMENT,Top Mount Fixture,18,115 - 120 MPH,0,2.7,"5"" x 5-1/2"""
DIRECT EMBEDMENT,Top Mount Fixture,18,120 - 130 MPH,0,1.25,"5"" x 5-1/2"""
DIRECT EMBEDMENT,Top Mount Fixture,18,130 - 140 MPH,0,0,"5"" x 5-1/2"""
DIRECT EMBEDMENT,Top Mount Fixture,18,140 - 150 MPH,0,0,"5"" x 5-1/2"""
DIRECT EMBEDMENT,Top Mount Fixture,18,150 - 160 MPH,0,0,"5"" x 5-1/2"""
DIRECT EMBEDMENT,Top Mount Fixture,20,Less Than or Equal to 115 MPH,0,1.29,"5"" x 5-1/2"""
DIRECT EMBEDMENT,Top Mount Fixture,20,115 - 120 MPH,0,0.55,"5"" x 5-1/2"""
DIRECT EMBEDMENT,Top Mount Fixture,20,120 - 130 MPH,0,0,"5"" x 5-1/2"""
DIRECT EMBEDMENT,Top Mount Fixture,20,130 - 140 MPH,0,0,"5"" x 5-1/2"""
DIRECT EMBEDMENT,Top Mount Fixture,20,140 - 150 MPH,0,0,"5"" x 5-1/2"""
DIRECT EMBEDMENT,Top Mount Fixture,20,150 - 160 MPH,0,0,"5"" x 5-1/2"""
DIRECT EMBEDMENT,Top Mount Fixture,8,Less Than or Equal to 115 MPH,36.11,49.45,"6-3/4"" x 6-3/4"""
DIRECT EMBEDMENT,Top Mount Fixture,8,115 - 120 MPH,32.92,45.18,"6-3/4"" x 6-3/4"""
DIRECT EMBEDMENT,Top Mount Fixture,8,120 - 130 MPH,27.61,38.06,"6-3/4"" x 6-3/4"""
DIRECT EMBEDMENT,Top Mount Fixture,8,130 - 140 MPH,23.39,32.4,"6-3/4"" x 6-3/4"""
DIRECT EMBEDMENT,Top Mount Fixture,8,140 - 150 MPH,19.99,27.84,"6-3/4"" x 6-3/4"""
DIRECT EMBEDMENT,Top Mount Fixture,8,150 - 160 MPH,17.19,24.11,"6-3/4"" x 6-3/4"""
DIRECT EMBEDMENT,Top Mount Fixture,10,Less Than or Equal to 115 MPH,27.42,38.07,"6-3/4"" x 6-3/4"""
DIRECT EMBEDMENT,Top Mount Fixture,10,115 - 120 MPH,24.88,34.67,"6-3/4"" x 6-3/4"""
DIRECT EMBEDMENT,Top Mount Fixture,10,120 - 130 MPH,20.56,28.98,"6-3/4"" x 6-3/4"""
DIRECT EMBEDMENT,Top Mount Fixture,10,130 - 140 MPH,17,24.48,"6-3/4"" x 6-3/4"""
DIRECT EMBEDMENT,Top Mount Fixture,10,140 - 150 MPH,14.12,20.77,"6-3/4"" x 6-3/4"""
DIRECT EMBEDMENT,Top Mount Fixture,10,150 - 160 MPH,11.77,17.61,"6-3/4"" x 6-3/4"""
DIRECT EMBEDMENT,Top Mount Fixture,12,Less Than or Equal to 115 MPH,21.03,30.2,"6-3/4"" x 6-3/4"""
DIRECT EMBEDMENT,Top Mount Fixture,12,115 - 120 MPH,18.8,27.37,"6-3/4"" x 6-3/4"""
DIRECT EMBEDMENT,Top Mount Fixture,12,120 - 130 MPH,15.07,22.43,"6-3/4"" x 6-3/4"""
DIRECT EMBEDMENT,Top Mount Fixture,12,130 - 140 MPH,12.12,18.46,"6-3/4"" x 6-3/4"""
DIRECT EMBEDMENT,Top Mount Fixture,12,140 - 150 MPH,9.74,15.26,"6-3/4"" x 6-3/4"""
DIRECT EMBEDMENT,Top Mount Fixture,12,150 - 160 MPH,7.78,12.64,"6-3/4"" x 6-3/4"""
DIRECT EMBEDMENT,Top Mount Fixture,14,Less Than or Equal to 115 MPH,15.63,23.57,"6-3/4"" x 6-3/4"""
DIRECT EMBEDMENT,Top Mount Fixture,14,115 - 120 MPH,13.74,21.03,"6-3/4"" x 6-3/4"""
DIRECT EMBEDMENT,Top Mount Fixture,14,120 - 130 MPH,10.61,16.83,"6-3/4"" x 6-3/4"""
DIRECT EMBEDMENT,Top Mount Fixture,14,130 - 140 MPH,8.12,13.48,"6-3/4"" x 6-3/4"""
DIRECT EMBEDMENT,Top Mount Fixture,14,140 - 150 MPH,6.12,10.78,"6-3/4"" x 6-3/4"""
DIRECT EMBEDMENT,Top Mount Fixture,14,150 - 160 MPH,4.47,8.57,"6-3/4"" x 6-3/4"""
DIRECT EMBEDMENT,Top Mount Fixture,16,Less Than or Equal to 115 MPH,11.04,17.81,"6-3/4"" x 6-3/4"""
DIRECT EMBEDMENT,Top Mount Fixture,16,115 - 120 MPH,9.45,15.67,"6-3/4"" x 6-3/4"""
DIRECT EMBEDMENT,Top Mount Fixture,16,120 - 130 MPH,6.79,12.09,"6-3/4"" x 6-3/4"""
DIRECT EMBEDMENT,Top Mount Fixture,16,130 - 140 MPH,4.69,9.26,"6-3/4"" x 6-3/4"""
DIRECT EMBEDMENT,Top Mount Fixture,16,140 - 150 MPH,2.98,6.97,"6-3/4"" x 6-3/4"""
DIRECT EMBEDMENT,Top Mount Fixture,16,150 - 160 MPH,1.59,5.09,"6-3/4"" x 6-3/4"""
DIRECT EMBEDMENT,Top Mount Fixture,18,Less Than or Equal to 115 MPH,7.24,13.1,"6-3/4"" x 6-3/4"""
DIRECT EMBEDMENT,Top Mount Fixture,18,115 - 120 MPH,5.86,11.25,"6-3/4"" x 6-3/4"""
DIRECT EMBEDMENT,Top Mount Fixture,18,120 - 130 MPH,3.58,8.17,"6-3/4"" x 6-3/4"""
DIRECT EMBEDMENT,Top Mount Fixture,18,130 - 140 MPH,1.77,5.73,"6-3/4"" x 6-3/4"""
DIRECT EMBEDMENT,Top Mount Fixture,18,140 - 150 MPH,0,3.77,"6-3/4"" x 6-3/4"""
DIRECT EMBEDMENT,Top Mount Fixture,18,150 - 160 MPH,0,2.15,"6-3/4"" x 6-3/4"""
DIRECT EMBEDMENT,Top Mount Fixture,20,Less Than or Equal to 115 MPH,3.96,9.11,"6-3/4"" x 6-3/4"""
DIRECT EMBEDMENT,Top Mount Fixture,20,115 - 120 MPH,2.77,7.5,"6-3/4"" x 6-3/4"""
DIRECT EMBEDMENT,Top Mount Fixture,20,120 - 130 MPH,0.78,4.82,"6-3/4"" x 6-3/4"""
DIRECT EMBEDMENT,Top Mount Fixture,20,130 - 140 MPH,0,2.69,"6-3/4"" x 6-3/4"""
DIRECT EMBEDMENT,Top Mount Fixture,20,140 - 150 MPH,0,0.98,"6-3/4"" x 6-3/4"""
DIRECT EMBEDMENT,Top Mount Fixture,20,150 - 160 MPH,0,0,"6-3/4"" x 6-3/4"""
DIRECT EMBEDMENT,Top Mount Fixture,22,Less Than or Equal to 115 MPH,1.07,5.65,"6-3/4"" x 6-3/4"""
DIRECT EMBEDMENT,Top Mount Fixture,22,115 - 120 MPH,0,4.24,"6-3/4"" x 6-3/4"""
DIRECT EMBEDMENT,Top Mount Fixture,22,120 - 130 MPH,0,1.87,"6-3/4"" x 6-3/4"""
DIRECT EMBEDMENT,Top Mount Fixture,22,130 - 140 MPH,0,0,"6-3/4"" x 6-3/4"""
DIRECT EMBEDMENT,Top Mount Fixture,22,140 - 150 MPH,0,0,"6-3/4"" x 6-3/4"""
DIRECT EMBEDMENT,Top Mount Fixture,22,150 - 160 MPH,0,0,"6-3/4"" x 6-3/4"""
DIRECT EMBEDMENT,Top Mount Fixture,24,Less Than or Equal to 115 MPH,0,2.72,"6-3/4"" x 6-3/4"""
DIRECT EMBEDMENT,Top Mount Fixture,24,115 - 120 MPH,0,1.46,"6-3/4"" x 6-3/4"""
DIRECT EMBEDMENT,Top Mount Fixture,24,120 - 130 MPH,0,0,"6-3/4"" x 6-3/4"""
DIRECT EMBEDMENT,Top Mount Fixture,24,130 - 140 MPH,0,0,"6-3/4"" x 6-3/4"""
DIRECT EMBEDMENT,Top Mount Fixture,24,140 - 150 MPH,0,0,"6-3/4"" x 6-3/4"""
DIRECT EMBEDMENT,Top Mount Fixture,24,150 - 160 MPH,0,0,"6-3/4"" x 6-3/4"""
DIRECT EMBEDMENT,Top Mount Fixture,8,Less Than or Equal to 115 MPH,71.27,96.76,"8-1/2"" x 8-1/4"""
DIRECT EMBEDMENT,Top Mount Fixture,8,115 - 120 MPH,65.13,88.54,"8-1/2"" x 8-1/4"""
DIRECT EMBEDMENT,Top Mount Fixture,8,120 - 130 MPH,54.9,74.83,"8-1/2"" x 8-1/4"""
DIRECT EMBEDMENT,Top Mount Fixture,8,130 - 140 MPH,46.78,63.95,"8-1/2"" x 8-1/4"""
DIRECT EMBEDMENT,Top Mount Fixture,8,140 - 150 MPH,40.23,55.18,"8-1/2"" x 8-1/4"""
DIRECT EMBEDMENT,Top Mount Fixture,8,150 - 160 MPH,34.87,47.99,"8-1/2"" x 8-1/4"""
DIRECT EMBEDMENT,Top Mount Fixture,10,Less Than or Equal to 115 MPH,55.05,75.37,"8-1/2"" x 8-1/4"""
DIRECT EMBEDMENT,Top Mount Fixture,10,115 - 120 MPH,50.15,68.82,"8-1/2"" x 8-1/4"""
DIRECT EMBEDMENT,Top Mount Fixture,10,120 - 130 MPH,41.99,57.87,"8-1/2"" x 8-1/4"""
DIRECT EMBEDMENT,Top Mount Fixture,10,130 - 140 MPH,35.51,49.18,"8-1/2"" x 8-1/4"""
DIRECT EMBEDMENT,Top Mount Fixture,10,140 - 150 MPH,30.18,42.17,"8-1/2"" x 8-1/4"""
DIRECT EMBEDMENT,Top Mount Fixture,10,150 - 160 MPH,25.73,36.44,"8-1/2"" x 8-1/4"""
DIRECT EMBEDMENT,Top Mount Fixture,12,Less Than or Equal to 115 MPH,43.86,60.73,"8-1/2"" x 8-1/4"""
DIRECT EMBEDMENT,Top Mount Fixture,12,115 - 120 MPH,39.79,55.27,"8-1/2"" x 8-1/4"""
DIRECT EMBEDMENT,Top Mount Fixture,12,120 - 130 MPH,32.75,46.18,"8-1/2"" x 8-1/4"""
DIRECT EMBEDMENT,Top Mount Fixture,12,130 - 140 MPH,27.16,38.9,"8-1/2"" x 8-1/4"""
DIRECT EMBEDMENT,Top Mount Fixture,12,140 - 150 MPH,22.64,32.85,"8-1/2"" x 8-1/4"""
DIRECT EMBEDMENT,Top Mount Fixture,12,150 - 160 MPH,18.95,27.89,"8-1/2"" x 8-1/4"""
DIRECT EMBEDMENT,Top Mount Fixture,14,Less Than or Equal to 115 MPH,34.61,49.27,"8-1/2"" x 8-1/4"""
DIRECT EMBEDMENT,Top Mount Fixture,14,115 - 120 MPH,31.03,44.55,"8-1/2"" x 8-1/4"""
DIRECT EMBEDMENT,Top Mount Fixture,14,120 - 130 MPH,25.08,36.58,"8-1/2"" x 8-1/4"""
DIRECT EMBEDMENT,Top Mount Fixture,14,130 - 140 MPH,20.36,30.23,"8-1/2"" x 8-1/4"""
DIRECT EMBEDMENT,Top Mount Fixture,14,140 - 150 MPH,16.55,25.1,"8-1/2"" x 8-1/4"""
DIRECT EMBEDMENT,Top Mount Fixture,14,150 - 160 MPH,13.43,20.93,"8-1/2"" x 8-1/4"""
DIRECT EMBEDMENT,Top Mount Fixture,16,Less Than or Equal to 115 MPH,26.73,39.27,"8-1/2"" x 8-1/4"""
DIRECT EMBEDMENT,Top Mount Fixture,16,115 - 120 MPH,23.7,35.19,"8-1/2"" x 8-1/4"""
DIRECT EMBEDMENT,Top Mount Fixture,16,120 - 130 MPH,18.64,28.38,"8-1/2"" x 8-1/4"""
DIRECT EMBEDMENT,Top Mount Fixture,16,130 - 140 MPH,14.63,22.99,"8-1/2"" x 8-1/4"""
DIRECT EMBEDMENT,Top Mount Fixture,16,140 - 150 MPH,11.38,18.63,"8-1/2"" x 8-1/4"""
DIRECT EMBEDMENT,Top Mount Fixture,16,150 - 160 MPH,8.73,15.07,"8-1/2"" x 8-1/4"""
DIRECT EMBEDMENT,Top Mount Fixture,18,Less Than or Equal to 115 MPH,20.33,31.14,"8-1/2"" x 8-1/4"""
DIRECT EMBEDMENT,Top Mount Fixture,18,115 - 120 MPH,17.7,27.6,"8-1/2"" x 8-1/4"""
DIRECT EMBEDMENT,Top Mount Fixture,18,120 - 130 MPH,13.33,21.73,"8-1/2"" x 8-1/4"""
DIRECT EMBEDMENT,Top Mount Fixture,18,130 - 140 MPH,9.87,17.06,"8-1/2"" x 8-1/4"""
DIRECT EMBEDMENT,Top Mount Fixture,18,140 - 150 MPH,7.07,13.3,"8-1/2"" x 8-1/4"""
DIRECT EMBEDMENT,Top Mount Fixture,18,150 - 160 MPH,4.79,10.22,"8-1/2"" x 8-1/4"""
DIRECT EMBEDMENT,Top Mount Fixture,20,Less Than or Equal to 115 MPH,14.87,24.36,"8-1/2"" x 8-1/4"""
DIRECT EMBEDMENT,Top Mount Fixture,20,115 - 120 MPH,12.58,21.27,"8-1/2"" x 8-1/4"""
DIRECT EMBEDMENT,Top Mount Fixture,20,120 - 130 MPH,8.78,16.13,"8-1/2"" x 8-1/4"""
DIRECT EMBEDMENT,Top Mount Fixture,20,130 - 140 MPH,5.76,12.06,"8-1/2"" x 8-1/4"""
DIRECT EMBEDMENT,Top Mount Fixture,20,140 - 150 MPH,3.33,8.76,"8-1/2"" x 8-1/4"""
DIRECT EMBEDMENT,Top Mount Fixture,20,150 - 160 MPH,1.33,6.07,"8-1/2"" x 8-1/4"""
DIRECT EMBEDMENT,Top Mount Fixture,22,Less Than or Equal to 115 MPH,10,18.54,"8-1/2"" x 8-1/4"""
DIRECT EMBEDMENT,Top Mount Fixture,22,115 - 120 MPH,8,15.82,"8-1/2"" x 8-1/4"""
DIRECT EMBEDMENT,Top Mount Fixture,22,120 - 130 MPH,4.67,11.28,"8-1/2"" x 8-1/4"""
DIRECT EMBEDMENT,Top Mount Fixture,22,130 - 140 MPH,2.04,7.69,"8-1/2"" x 8-1/4"""
DIRECT EMBEDMENT,Top Mount Fixture,22,140 - 150 MPH,0,4.79,"8-1/2"" x 8-1/4"""
DIRECT EMBEDMENT,Top Mount Fixture,22,150 - 160 MPH,0,2.42,"8-1/2"" x 8-1/4"""
DIRECT EMBEDMENT,Top Mount Fixture,24,Less Than or Equal to 115 MPH,5.95,13.71,"8-1/2"" x 8-1/4"""
DIRECT EMBEDMENT,Top Mount Fixture,24,115 - 120 MPH,4.18,11.27,"8-1/2"" x 8-1/4"""
DIRECT EMBEDMENT,Top Mount Fixture,24,120 - 130 MPH,1.23,7.21,"8-1/2"" x 8-1/4"""
DIRECT EMBEDMENT,Top Mount Fixture,24,130 - 140 MPH,0,4,"8-1/2"" x 8-1/4"""
DIRECT EMBEDMENT,Top Mount Fixture,24,140 - 150 MPH,0,1.4,"8-1/2"" x 8-1/4"""
DIRECT EMBEDMENT,Top Mount Fixture,24,150 - 160 MPH,0,0,"8-1/2"" x 8-1/4"""
DIRECT EMBEDMENT,Top Mount Fixture,26,Less Than or Equal to 115 MPH,2.12,9.12,"8-1/2"" x 8-1/4"""
DIRECT EMBEDMENT,Top Mount Fixture,26,115 - 120 MPH,0.55,6.94,"8-1/2"" x 8-1/4"""
DIRECT EMBEDMENT,Top Mount Fixture,26,120 - 130 MPH,0,3.33,"8-1/2"" x 8-1/4"""
DIRECT EMBEDMENT,Top Mount Fixture,26,130 - 140 MPH,0,0,"8-1/2"" x 8-1/4"""
DIRECT EMBEDMENT,Top Mount Fixture,26,140 - 150 MPH,0,0,"8-1/2"" x 8-1/4"""
DIRECT EMBEDMENT,Top Mount Fixture,26,150 - 160 MPH,0,0,"8-1/2"" x 8-1/4"""
DIRECT EMBEDMENT,Top Mount Fixture,28,Less Than or Equal to 115 MPH,0,5.23,"8-1/2"" x 8-1/4"""
DIRECT EMBEDMENT,Top Mount Fixture,28,115 - 120 MPH,0,3.27,"8-1/2"" x 8-1/4"""
DIRECT EMBEDMENT,Top Mount Fixture,28,120 - 130 MPH,0,0,"8-1/2"" x 8-1/4"""
DIRECT EMBEDMENT,Top Mount Fixture,28,130 - 140 MPH,0,0,"8-1/2"" x 8-1/4"""
DIRECT EMBEDMENT,Top Mount Fixture,28,140 - 150 MPH,0,0,"8-1/2"" x 8-1/4"""
DIRECT EMBEDMENT,Top Mount Fixture,28,150 - 160 MPH,0,0,"8-1/2"" x 8-1/4"""
DIRECT EMBEDMENT,Top Mount Fixture,30,Less Than or Equal to 115 MPH,0,1.44,"8-1/2"" x 8-1/4"""
DIRECT EMBEDMENT,Top Mount Fixture,30,115 - 120 MPH,0,0,"8-1/2"" x 8-1/4"""
DIRECT EMBEDMENT,Top Mount Fixture,30,120 - 130 MPH,0,0,"8-1/2"" x 8-1/4"""
DIRECT EMBEDMENT,Top Mount Fixture,30,130 - 140 MPH,0,0,"8-1/2"" x 8-1/4"""
DIRECT EMBEDMENT,Top Mount Fixture,30,140 - 150 MPH,0,0,"8-1/2"" x 8-1/4"""
DIRECT EMBEDMENT,Top Mount Fixture,30,150 - 160 MPH,0,0,"8-1/2"" x 8-1/4"""
DIRECT EMBEDMENT,Two or More Side Mount Fixtures,8,Less Than or Equal to 115 MPH,12.13,13.71,"5"" x 5-1/2"""
DIRECT EMBEDMENT,Two or More Side Mount Fixtures,8,115 - 120 MPH,11.14,12.59,"5"" x 5-1/2"""
DIRECT EMBEDMENT,Two or More Side Mount Fixtures,8,120 - 130 MPH,9.49,10.73,"5"" x 5-1/2"""
DIRECT EMBEDMENT,Two or More Side Mount Fixtures,8,130 - 140 MPH,8.18,9.25,"5"" x 5-1/2"""
DIRECT EMBEDMENT,Two or More Side Mount Fixtures,8,140 - 150 MPH,7.13,8.06,"5"" x 5-1/2"""
DIRECT EMBEDMENT,Two or More Side Mount Fixtures,8,150 - 160 MPH,6.17,7.08,"5"" x 5-1/2"""
DIRECT EMBEDMENT,Two or More Side Mount Fixtures,10,Less Than or Equal to 115 MPH,10.47,13.71,"5"" x 5-1/2"""
DIRECT EMBEDMENT,Two or More Side Mount Fixtures,10,115 - 120 MPH,9.27,12.59,"5"" x 5-1/2"""
DIRECT EMBEDMENT,Two or More Side Mount Fixtures,10,120 - 130 MPH,7.26,10.73,"5"" x 5-1/2"""
DIRECT EMBEDMENT,Two or More Side Mount Fixtures,10,130 - 140 MPH,5.68,9.25,"5"" x 5-1/2"""
DIRECT EMBEDMENT,Two or More Side Mount Fixtures,10,140 - 150 MPH,4.4,8.06,"5"" x 5-1/2"""
DIRECT EMBEDMENT,Two or More Side Mount Fixtures,10,150 - 160 MPH,3.35,6.93,"5"" x 5-1/2"""
DIRECT EMBEDMENT,Two or More Side Mount Fixtures,12,Less Than or Equal to 115 MPH,7.05,12.55,"5"" x 5-1/2"""
DIRECT EMBEDMENT,Two or More Side Mount Fixtures,12,115 - 120 MPH,6.06,11.23,"5"" x 5-1/2"""
DIRECT EMBEDMENT,Two or More Side Mount Fixtures,12,120 - 130 MPH,4.4,8.87,"5"" x 5-1/2"""
DIRECT EMBEDMENT,Two or More Side Mount Fixtures,12,130 - 140 MPH,3.09,7,"5"" x 5-1/2"""
DIRECT EMBEDMENT,Two or More Side Mount Fixtures,12,140 - 150 MPH,2.03,5.49,"5"" x 5-1/2"""
DIRECT EMBEDMENT,Two or More Side Mount Fixtures,12,150 - 160 MPH,1.17,4.25,"5"" x 5-1/2"""
DIRECT EMBEDMENT,Two or More Side Mount Fixtures,14,Less Than or Equal to 115 MPH,4.22,9.04,"5"" x 5-1/2"""
DIRECT EMBEDMENT,Two or More Side Mount Fixtures,14,115 - 120 MPH,3.38,7.85,"5"" x 5-1/2"""
DIRECT EMBEDMENT,Two or More Side Mount Fixtures,14,120 - 130 MPH,2,5.88,"5"" x 5-1/2"""
DIRECT EMBEDMENT,Two or More Side Mount Fixtures,14,130 - 140 MPH,0.9,4.31,"5"" x 5-1/2"""
DIRECT EMBEDMENT,Two or More Side Mount Fixtures,14,140 - 150 MPH,0,3.04,"5"" x 5-1/2"""
DIRECT EMBEDMENT,Two or More Side Mount Fixtures,14,150 - 160 MPH,0,2.01,"5"" x 5-1/2"""
DIRECT EMBEDMENT,Two or More Side Mount Fixtures,16,Less Than or Equal to 115 MPH,1.75,5.96,"5"" x 5-1/2"""
DIRECT EMBEDMENT,Two or More Side Mount Fixtures,16,115 - 120 MPH,1.05,4.97,"5"" x 5-1/2"""
DIRECT EMBEDMENT,Two or More Side Mount Fixtures,16,120 - 130 MPH,0,3.29,"5"" x 5-1/2"""
DIRECT EMBEDMENT,Two or More Side Mount Fixtures,16,130 - 140 MPH,0,1.98,"5"" x 5-1/2"""
DIRECT EMBEDMENT,Two or More Side Mount Fixtures,16,140 - 150 MPH,0,0.91,"5"" x 5-1/2"""
DIRECT EMBEDMENT,Two or More Side Mount Fixtures,16,150 - 160 MPH,0,0,"5"" x 5-1/2"""
DIRECT EMBEDMENT,Two or More Side Mount Fixtures,18,Less Than or Equal to 115 MPH,0,3.37,"5"" x 5-1/2"""
DIRECT EMBEDMENT,Two or More Side Mount Fixtures,18,115 - 120 MPH,0,2.52,"5"" x 5-1/2"""
DIRECT EMBEDMENT,Two or More Side Mount Fixtures,18,120 - 130 MPH,0,1.1,"5"" x 5-1/2"""
DIRECT EMBEDMENT,Two or More Side Mount Fixtures,18,130 - 140 MPH,0,0,"5"" x 5-1/2"""
DIRECT EMBEDMENT,Two or More Side Mount Fixtures,18,140 - 150 MPH,0,0,"5"" x 5-1/2"""
DIRECT EMBEDMENT,Two or More Side Mount Fixtures,18,150 - 160 MPH,0,0,"5"" x 5-1/2"""
DIRECT EMBEDMENT,Two or More Side Mount Fixtures,20,Less Than or Equal to 115 MPH,0,1.12,"5"" x 5-1/2"""
DIRECT EMBEDMENT,Two or More Side Mount Fixtures,20,115 - 120 MPH,0,0,"5"" x 5-1/2"""
DIRECT EMBEDMENT,Two or More Side Mount Fixtures,20,120 - 130 MPH,0,0,"5"" x 5-1/2"""
DIRECT EMBEDMENT,Two or More Side Mount Fixtures,20,130 - 140 MPH,0,0,"5"" x 5-1/2"""
DIRECT EMBEDMENT,Two or More Side Mount Fixtures,20,140 - 150 MPH,0,0,"5"" x 5-1/2"""
DIRECT EMBEDMENT,Two or More Side Mount Fixtures,20,150 - 160 MPH,0,0,"5"" x 5-1/2"""
DIRECT EMBEDMENT,Two or More Side Mount Fixtures,8,Less Than or Equal to 115 MPH,26.2,29.62,"6-3/4"" x 6-3/4"""
DIRECT EMBEDMENT,Two or More Side Mount Fixtures,8,115 - 120 MPH,24.06,27.2,"6-3/4"" x 6-3/4"""
DIRECT EMBEDMENT,Two or More Side Mount Fixtures,8,120 - 130 MPH,20.51,23.18,"6-3/4"" x 6-3/4"""
DIRECT EMBEDMENT,Two or More Side Mount Fixtures,8,130 - 140 MPH,17.68,19.99,"6-3/4"" x 6-3/4"""
DIRECT EMBEDMENT,Two or More Side Mount Fixtures,8,140 - 150 MPH,15.4,17.41,"6-3/4"" x 6-3/4"""
DIRECT EMBEDMENT,Two or More Side Mount Fixtures,8,150 - 160 MPH,13.54,15.3,"6-3/4"" x 6-3/4"""
DIRECT EMBEDMENT,Two or More Side Mount Fixtures,10,Less Than or Equal to 115 MPH,26.2,29.62,"6-3/4"" x 6-3/4"""
DIRECT EMBEDMENT,Two or More Side Mount Fixtures,10,115 - 120 MPH,24.06,27.2,"6-3/4"" x 6-3/4"""
DIRECT EMBEDMENT,Two or More Side Mount Fixtures,10,120 - 130 MPH,20.27,23.18,"6-3/4"" x 6-3/4"""
DIRECT EMBEDMENT,Two or More Side Mount Fixtures,10,130 - 140 MPH,16.75,19.99,"6-3/4"" x 6-3/4"""
DIRECT EMBEDMENT,Two or More Side Mount Fixtures,10,140 - 150 MPH,13.9,17.41,"6-3/4"" x 6-3/4"""
DIRECT EMBEDMENT,Two or More Side Mount Fixtures,10,150 - 160 MPH,11.58,15.3,"6-3/4"" x 6-3/4"""
DIRECT EMBEDMENT,Two or More Side Mount Fixtures,12,Less Than or Equal to 115 MPH,20.72,29.59,"6-3/4"" x 6-3/4"""
DIRECT EMBEDMENT,Two or More Side Mount Fixtures,12,115 - 120 MPH,18.51,27.08,"6-3/4"" x 6-3/4"""
DIRECT EMBEDMENT,Two or More Side Mount Fixtures,12,120 - 130 MPH,14.83,22.19,"6-3/4"" x 6-3/4"""
DIRECT EMBEDMENT,Two or More Side Mount Fixtures,12,130 - 140 MPH,11.91,18.25,"6-3/4"" x 6-3/4"""
DIRECT EMBEDMENT,Two or More Side Mount Fixtures,12,140 - 150 MPH,9.55,15.08,"6-3/4"" x 6-3/4"""
DIRECT EMBEDMENT,Two or More Side Mount Fixtures,12,150 - 160 MPH,7.62,12.48,"6-3/4"" x 6-3/4"""
DIRECT EMBEDMENT,Two or More Side Mount Fixtures,14,Less Than or Equal to 115 MPH,15.36,23.31,"6-3/4"" x 6-3/4"""
DIRECT EMBEDMENT,Two or More Side Mount Fixtures,14,115 - 120 MPH,13.5,20.79,"6-3/4"" x 6-3/4"""
DIRECT EMBEDMENT,Two or More Side Mount Fixtures,14,120 - 130 MPH,10.4,16.62,"6-3/4"" x 6-3/4"""
DIRECT EMBEDMENT,Two or More Side Mount Fixtures,14,130 - 140 MPH,7.95,13.3,"6-3/4"" x 6-3/4"""
DIRECT EMBEDMENT,Two or More Side Mount Fixtures,14,140 - 150 MPH,5.96,10.63,"6-3/4"" x 6-3/4"""
DIRECT EMBEDMENT,Two or More Side Mount Fixtures,14,150 - 160 MPH,4.34,8.44,"6-3/4"" x 6-3/4"""
DIRECT EMBEDMENT,Two or More Side Mount Fixtures,16,Less Than or Equal to 115 MPH,10.82,17.59,"6-3/4"" x 6-3/4"""
DIRECT EMBEDMENT,Two or More Side Mount Fixtures,16,115 - 120 MPH,9.24,15.47,"6-3/4"" x 6-3/4"""
DIRECT EMBEDMENT,Two or More Side Mount Fixtures,16,120 - 130 MPH,6.62,11.92,"6-3/4"" x 6-3/4"""
DIRECT EMBEDMENT,Two or More Side Mount Fixtures,16,130 - 140 MPH,4.53,9.1,"6-3/4"" x 6-3/4"""
DIRECT EMBEDMENT,Two or More Side Mount Fixtures,16,140 - 150 MPH,2.85,6.83,"6-3/4"" x 6-3/4"""
DIRECT EMBEDMENT,Two or More Side Mount Fixtures,16,150 - 160 MPH,1.48,4.98,"6-3/4"" x 6-3/4"""
DIRECT EMBEDMENT,Two or More Side Mount Fixtures,18,Less Than or Equal to 115 MPH,7.04,12.91,"6-3/4"" x 6-3/4"""
DIRECT EMBEDMENT,Two or More Side Mount Fixtures,18,115 - 120 MPH,5.68,11.07,"6-3/4"" x 6-3/4"""
DIRECT EMBEDMENT,Two or More Side Mount Fixtures,18,120 - 130 MPH,3.43,8.02,"6-3/4"" x 6-3/4"""
DIRECT EMBEDMENT,Two or More Side Mount Fixtures,18,130 - 140 MPH,1.64,5.6,"6-3/4"" x 6-3/4"""
DIRECT EMBEDMENT,Two or More Side Mount Fixtures,18,140 - 150 MPH,0,3.65,"6-3/4"" x 6-3/4"""
DIRECT EMBEDMENT,Two or More Side Mount Fixtures,18,150 - 160 MPH,0,2.04,"6-3/4"" x 6-3/4"""
DIRECT EMBEDMENT,Two or More Side Mount Fixtures,20,Less Than or Equal to 115 MPH,3.78,8.94,"6-3/4"" x 6-3/4"""
DIRECT EMBEDMENT,Two or More Side Mount Fixtures,20,115 - 120 MPH,2.61,7.34,"6-3/4"" x 6-3/4"""
DIRECT EMBEDMENT,Two or More Side Mount Fixtures,20,120 - 130 MPH,0.65,4.69,"6-3/4"" x 6-3/4"""
DIRECT EMBEDMENT,Two or More Side Mount Fixtures,20,130 - 140 MPH,0,2.58,"6-3/4"" x 6-3/4"""
DIRECT EMBEDMENT,Two or More Side Mount Fixtures,20,140 - 150 MPH,0,0.88,"6-3/4"" x 6-3/4"""
DIRECT EMBEDMENT,Two or More Side Mount Fixtures,20,150 - 160 MPH,0,0,"6-3/4"" x 6-3/4"""
DIRECT EMBEDMENT,Two or More Side Mount Fixtures,22,Less Than or Equal to 115 MPH,0.91,5.49,"6-3/4"" x 6-3/4"""
DIRECT EMBEDMENT,Two or More Side Mount Fixtures,22,115 - 120 MPH,0,4.1,"6-3/4"" x 6-3/4"""
DIRECT EMBEDMENT,Two or More Side Mount Fixtures,22,120 - 130 MPH,0,1.76,"6-3/4"" x 6-3/4"""
DIRECT EMBEDMENT,Two or More Side Mount Fixtures,22,130 - 140 MPH,0,0,"6-3/4"" x 6-3/4"""
DIRECT EMBEDMENT,Two or More Side Mount Fixtures,22,140 - 150 MPH,0,0,"6-3/4"" x 6-3/4"""
DIRECT EMBEDMENT,Two or More Side Mount Fixtures,22,150 - 160 MPH,0,0,"6-3/4"" x 6-3/4"""
DIRECT EMBEDMENT,Two or More Side Mount Fixtures,24,Less Than or Equal to 115 MPH,0,2.58,"6-3/4"" x 6-3/4"""
DIRECT EMBEDMENT,Two or More Side Mount Fixtures,24,115 - 120 MPH,0,1.34,"6-3/4"" x 6-3/4"""
DIRECT EMBEDMENT,Two or More Side Mount Fixtures,24,120 - 130 MPH,0,0,"6-3/4"" x 6-3/4"""
DIRECT EMBEDMENT,Two or More Side Mount Fixtures,24,130 - 140 MPH,0,0,"6-3/4"" x 6-3/4"""
DIRECT EMBEDMENT,Two or More Side Mount Fixtures,24,140 - 150 MPH,0,0,"6-3/4"" x 6-3/4"""
DIRECT EMBEDMENT,Two or More Side Mount Fixtures,24,150 - 160 MPH,0,0,"6-3/4"" x 6-3/4"""
DIRECT EMBEDMENT,Two or More Side Mount Fixtures,8,Less Than or Equal to 115 MPH,49.83,56.33,"8-1/2"" x 8-1/4"""
DIRECT EMBEDMENT,Two or More Side Mount Fixtures,8,115 - 120 MPH,45.77,51.74,"8-1/2"" x 8-1/4"""
DIRECT EMBEDMENT,Two or More Side Mount Fixtures,8,120 - 130 MPH,39,44.09,"8-1/2"" x 8-1/4"""
DIRECT EMBEDMENT,Two or More Side Mount Fixtures,8,130 - 140 MPH,33.63,38.02,"8-1/2"" x 8-1/4"""
DIRECT EMBEDMENT,Two or More Side Mount Fixtures,8,140 - 150 MPH,29.3,33.12,"8-1/2"" x 8-1/4"""
DIRECT EMBEDMENT,Two or More Side Mount Fixtures,8,150 - 160 MPH,25.75,29.11,"8-1/2"" x 8-1/4"""
DIRECT EMBEDMENT,Two or More Side Mount Fixtures,10,Less Than or Equal to 115 MPH,49.83,56.33,"8-1/2"" x 8-1/4"""
DIRECT EMBEDMENT,Two or More Side Mount Fixtures,10,115 - 120 MPH,45.77,51.74,"8-1/2"" x 8-1/4"""
DIRECT EMBEDMENT,Two or More Side Mount Fixtures,10,120 - 130 MPH,38.98,44.09,"8-1/2"" x 8-1/4"""
DIRECT EMBEDMENT,Two or More Side Mount Fixtures,10,130 - 140 MPH,33.61,38.02,"8-1/2"" x 8-1/4"""
DIRECT EMBEDMENT,Two or More Side Mount Fixtures,10,140 - 150 MPH,29.28,33.12,"8-1/2"" x 8-1/4"""
DIRECT EMBEDMENT,Two or More Side Mount Fixtures,10,150 - 160 MPH,25.54,29.11,"8-1/2"" x 8-1/4"""
DIRECT EMBEDMENT,Two or More Side Mount Fixtures,12,Less Than or Equal to 115 MPH,43.54,56.33,"8-1/2"" x 8-1/4"""
DIRECT EMBEDMENT,Two or More Side Mount Fixtures,12,115 - 120 MPH,39.5,51.74,"8-1/2"" x 8-1/4"""
DIRECT EMBEDMENT,Two or More Side Mount Fixtures,12,120 - 130 MPH,32.51,44.09,"8-1/2"" x 8-1/4"""
DIRECT EMBEDMENT,Two or More Side Mount Fixtures,12,130 - 140 MPH,26.95,38.02,"8-1/2"" x 8-1/4"""
DIRECT EMBEDMENT,Two or More Side Mount Fixtures,12,140 - 150 MPH,22.46,32.66,"8-1/2"" x 8-1/4"""
DIRECT EMBEDMENT,Two or More Side Mount Fixtures,12,150 - 160 MPH,18.79,27.73,"8-1/2"" x 8-1/4"""
DIRECT EMBEDMENT,Two or More Side Mount Fixtures,14,Less Than or Equal to 115 MPH,34.35,49.01,"8-1/2"" x 8-1/4"""
DIRECT EMBEDMENT,Two or More Side Mount Fixtures,14,115 - 120 MPH,30.79,44.3,"8-1/2"" x 8-1/4"""
DIRECT EMBEDMENT,Two or More Side Mount Fixtures,14,120 - 130 MPH,24.88,36.37,"8-1/2"" x 8-1/4"""
DIRECT EMBEDMENT,Two or More Side Mount Fixtures,14,130 - 140 MPH,20.18,30.06,"8-1/2"" x 8-1/4"""
DIRECT EMBEDMENT,Two or More Side Mount Fixtures,14,140 - 150 MPH,16.4,24.97,"8-1/2"" x 8-1/4"""
DIRECT EMBEDMENT,Two or More Side Mount Fixtures,14,150 - 160 MPH,13.3,20.8,"8-1/2"" x 8-1/4"""
DIRECT EMBEDMENT,Two or More Side Mount Fixtures,16,Less Than or Equal to 115 MPH,26.51,39.04,"8-1/2"" x 8-1/4"""
DIRECT EMBEDMENT,Two or More Side Mount Fixtures,16,115 - 120 MPH,23.5,34.98,"8-1/2"" x 8-1/4"""
DIRECT EMBEDMENT,Two or More Side Mount Fixtures,16,120 - 130 MPH,18.46,28.21,"8-1/2"" x 8-1/4"""
DIRECT EMBEDMENT,Two or More Side Mount Fixtures,16,130 - 140 MPH,14.47,22.84,"8-1/2"" x 8-1/4"""
DIRECT EMBEDMENT,Two or More Side Mount Fixtures,16,140 - 150 MPH,11.25,18.5,"8-1/2"" x 8-1/4"""
DIRECT EMBEDMENT,Two or More Side Mount Fixtures,16,150 - 160 MPH,8.62,14.96,"8-1/2"" x 8-1/4"""
DIRECT EMBEDMENT,Two or More Side Mount Fixtures,18,Less Than or Equal to 115 MPH,20.13,30.94,"8-1/2"" x 8-1/4"""
DIRECT EMBEDMENT,Two or More Side Mount Fixtures,18,115 - 120 MPH,17.52,27.42,"8-1/2"" x 8-1/4"""
DIRECT EMBEDMENT,Two or More Side Mount Fixtures,18,120 - 130 MPH,13.18,21.57,"8-1/2"" x 8-1/4"""
DIRECT EMBEDMENT,Two or More Side Mount Fixtures,18,130 - 140 MPH,9.74,16.93,"8-1/2"" x 8-1/4"""
DIRECT EMBEDMENT,Two or More Side Mount Fixtures,18,140 - 150 MPH,6.96,13.18,"8-1/2"" x 8-1/4"""
DIRECT EMBEDMENT,Two or More Side Mount Fixtures,18,150 - 160 MPH,4.68,10.1,"8-1/2"" x 8-1/4"""
DIRECT EMBEDMENT,Two or More Side Mount Fixtures,20,Less Than or Equal to 115 MPH,14.69,24.19,"8-1/2"" x 8-1/4"""
DIRECT EMBEDMENT,Two or More Side Mount Fixtures,20,115 - 120 MPH,12.42,21.11,"8-1/2"" x 8-1/4"""
DIRECT EMBEDMENT,Two or More Side Mount Fixtures,20,120 - 130 MPH,8.64,16,"8-1/2"" x 8-1/4"""
DIRECT EMBEDMENT,Two or More Side Mount Fixtures,20,130 - 140 MPH,5.65,11.94,"8-1/2"" x 8-1/4"""
DIRECT EMBEDMENT,Two or More Side Mount Fixtures,20,140 - 150 MPH,3.22,8.66,"8-1/2"" x 8-1/4"""
DIRECT EMBEDMENT,Two or More Side Mount Fixtures,20,150 - 160 MPH,1.24,5.98,"8-1/2"" x 8-1/4"""
DIRECT EMBEDMENT,Two or More Side Mount Fixtures,22,Less Than or Equal to 115 MPH,9.84,18.39,"8-1/2"" x 8-1/4"""
DIRECT EMBEDMENT,Two or More Side Mount Fixtures,22,115 - 120 MPH,7.86,15.68,"8-1/2"" x 8-1/4"""
DIRECT EMBEDMENT,Two or More Side Mount Fixtures,22,120 - 130 MPH,4.55,11.16,"8-1/2"" x 8-1/4"""
DIRECT EMBEDMENT,Two or More Side Mount Fixtures,22,130 - 140 MPH,1.94,7.59,"8-1/2"" x 8-1/4"""
DIRECT EMBEDMENT,Two or More Side Mount Fixtures,22,140 - 150 MPH,0,4.7,"8-1/2"" x 8-1/4"""
DIRECT EMBEDMENT,Two or More Side Mount Fixtures,22,150 - 160 MPH,0,2.34,"8-1/2"" x 8-1/4"""
DIRECT EMBEDMENT,Two or More Side Mount Fixtures,24,Less Than or Equal to 115 MPH,5.81,13.57,"8-1/2"" x 8-1/4"""
DIRECT EMBEDMENT,Two or More Side Mount Fixtures,24,115 - 120 MPH,4.05,11.14,"8-1/2"" x 8-1/4"""
DIRECT EMBEDMENT,Two or More Side Mount Fixtures,24,120 - 130 MPH,1.12,7.1,"8-1/2"" x 8-1/4"""
DIRECT EMBEDMENT,Two or More Side Mount Fixtures,24,130 - 140 MPH,0,3.9,"8-1/2"" x 8-1/4"""
DIRECT EMBEDMENT,Two or More Side Mount Fixtures,24,140 - 150 MPH,0,1.32,"8-1/2"" x 8-1/4"""
DIRECT EMBEDMENT,Two or More Side Mount Fixtures,24,150 - 160 MPH,0,0,"8-1/2"" x 8-1/4"""
DIRECT EMBEDMENT,Two or More Side Mount Fixtures,26,Less Than or Equal to 115 MPH,1.99,8.99,"8-1/2"" x 8-1/4"""
DIRECT EMBEDMENT,Two or More Side Mount Fixtures,26,115 - 120 MPH,0,6.83,"8-1/2"" x 8-1/4"""
DIRECT EMBEDMENT,Two or More Side Mount Fixtures,26,120 - 130 MPH,0,3.23,"8-1/2"" x 8-1/4"""
DIRECT EMBEDMENT,Two or More Side Mount Fixtures,26,130 - 140 MPH,0,0,"8-1/2"" x 8-1/4"""
DIRECT EMBEDMENT,Two or More Side Mount Fixtures,26,140 - 150 MPH,0,0,"8-1/2"" x 8-1/4"""
DIRECT EMBEDMENT,Two or More Side Mount Fixtures,26,150 - 160 MPH,0,0,"8-1/2"" x 8-1/4"""
DIRECT EMBEDMENT,Two or More Side Mount Fixtures,28,Less Than or Equal to 115 MPH,0,5.12,"8-1/2"" x 8-1/4"""
DIRECT EMBEDMENT,Two or More Side Mount Fixtures,28,115 - 120 MPH,0,3.17,"8-1/2"" x 8-1/4"""
DIRECT EMBEDMENT,Two or More Side Mount Fixtures,28,120 - 130 MPH,0,0,"8-1/2"" x 8-1/4"""
DIRECT EMBEDMENT,Two or More Side Mount Fixtures,28,130 - 140 MPH,0,0,"8-1/2"" x 8-1/4"""
DIRECT EMBEDMENT,Two or More Side Mount Fixtures,28,140 - 150 MPH,0,0,"8-1/2"" x 8-1/4"""
DIRECT EMBEDMENT,Two or More Side Mount Fixtures,28,150 - 160 MPH,0,0,"8-1/2"" x 8-1/4"""
DIRECT EMBEDMENT,Two or More Side Mount Fixtures,30,Less Than or Equal to 115 MPH,0,1.34,"8-1/2"" x 8-1/4"""
DIRECT EMBEDMENT,Two or More Side Mount Fixtures,30,115 - 120 MPH,0,0,"8-1/2"" x 8-1/4"""
DIRECT EMBEDMENT,Two or More Side Mount Fixtures,30,120 - 130 MPH,0,0,"8-1/2"" x 8-1/4"""
DIRECT EMBEDMENT,Two or More Side Mount Fixtures,30,130 - 140 MPH,0,0,"8-1/2"" x 8-1/4"""
DIRECT EMBEDMENT,Two or More Side Mount Fixtures,30,140 - 150 MPH,0,0,"8-1/2"" x 8-1/4"""
DIRECT EMBEDMENT,Two or More Side Mount Fixtures,30,150 - 160 MPH,0,0,"8-1/2"" x 8-1/4"""
